hours,group_01,group_02,group_03,group_04,group_05,group_06,group_07,group_08,group_09,group_10,group_11,group_12
0,0.030993,0.028531,0.028928,0.026608,0.021243,0.026899,0.020128,0.024036,0.027177,0.044329,0.042693,0.047528
10,0.026568,0.026639,0.030532,0.032817,0.028833,0.029746,0.018878,0.022852,0.031127,0.029492,0.041479,0.042091
20,0.032046,0.03241,0.028833,0.025072,0.028363,0.025645,0.017554,0.02681,0.031219,0.033355,0.039065,0.04785
30,0.035579,0.028816,0.031248,0.029339,0.030086,0.023596,0.015835,0.028601,0.029267,0.039758,0.041381,0.050581
40,0.034864,0.025655,0.022594,0.036097,0.031313,0.03057,0.013318,0.032878,0.031866,0.033753,0.040277,0.047768
50,0.035187,0.032142,0.028581,0.037076,0.032266,0.029867,0.017814,0.035294,0.032194,0.03845,0.032788,0.051162
60,0.033773,0.035688,0.025107,0.03195,0.037865,0.024383,0.021349,0.042326,0.033012,0.038423,0.039869,0.050692
70,0.038668,0.036122,0.022603,0.038561,0.028415,0.023295,0.020759,0.027448,0.028624,0.039346,0.040205,0.042065
80,0.043135,0.034499,0.021993,0.037019,0.031957,0.024282,0.027907,0.025584,0.031947,0.037078,0.038465,0.049518
90,0.040063,0.03774,0.020261,0.029552,0.02962,0.024637,0.02747,0.02945,0.035752,0.036701,0.032496,0.040454
100,0.041453,0.034049,0.022401,0.031526,0.032846,0.022756,0.027621,0.030493,0.034976,0.047136,0.03964,0.043739
110,0.041536,0.036772,0.019599,0.035701,0.038581,0.01905,0.024594,0.033282,0.035098,0.037615,0.034834,0.04156
120,0.041307,0.044743,0.021928,0.032877,0.037343,0.020221,0.027389,0.034394,0.033583,0.036988,0.040153,0.037471
130,0.044747,0.042038,0.019641,0.034709,0.0324,0.018948,0.029766,0.032892,0.039686,0.033834,0.041168,0.044236
140,0.047766,0.045474,0.02318,0.031158,0.032833,0.019899,0.027844,0.029144,0.0394,0.039332,0.043393,0.039439
150,0.04633,0.045881,0.021783,0.039753,0.033167,0.020319,0.030206,0.024584,0.035995,0.040383,0.038511,0.042687
160,0.040973,0.047563,0.017708,0.030304,0.039056,0.019441,0.025932,0.025538,0.035106,0.033798,0.044283,0.044201
170,0.037554,0.046997,0.018699,0.027335,0.038834,0.022084,0.030407,0.02992,0.035267,0.034408,0.041383,0.04126
180,0.041103,0.049365,0.018362,0.036458,0.042125,0.021101,0.030188,0.030069,0.03408,0.029982,0.04477,0.041488
190,0.042504,0.048917,0.024089,0.037214,0.037098,0.026958,0.030239,0.035407,0.030718,0.028446,0.038243,0.038868
200,0.040501,0.052797,0.023291,0.042075,0.042324,0.024928,0.02849,0.038701,0.034042,0.035952,0.04364,0.045362
210,0.03748,0.050787,0.022166,0.04136,0.041956,0.023674,0.026989,0.039634,0.027268,0.028266,0.034745,0.044916
220,0.040966,0.053524,0.024347,0.044784,0.043432,0.025956,0.024323,0.030581,0.031844,0.032508,0.042292,0.042856
230,0.033927,0.04585,0.024247,0.036579,0.051284,0.031479,0.035454,0.033678,0.027473,0.030112,0.041655,0.04254
240,0.042046,0.05032,0.024839,0.040128,0.039014,0.029547,0.02771,0.03218,0.035108,0.032627,0.040875,0.046251
250,0.040481,0.044397,0.025137,0.039001,0.042955,0.032745,0.027956,0.032936,0.033051,0.027662,0.038195,0.039115
260,0.042862,0.050284,0.023167,0.03947,0.043245,0.032325,0.036641,0.034799,0.036681,0.033773,0.033961,0.042262
270,0.040133,0.040201,0.025852,0.042976,0.048417,0.028286,0.030487,0.037082,0.035663,0.035376,0.03876,0.046512
280,0.039556,0.04762,0.022293,0.030438,0.044215,0.03184,0.033617,0.038752,0.034351,0.033383,0.032987,0.036098
290,0.037459,0.042833,0.022499,0.041428,0.049878,0.034285,0.038621,0.032704,0.033479,0.029474,0.032335,0.037961
300,0.050509,0.04524,0.01967,0.041764,0.045575,0.027991,0.034829,0.030298,0.045299,0.033656,0.033487,0.041365
310,0.044103,0.045717,0.018165,0.034622,0.044899,0.026398,0.034091,0.022422,0.036834,0.035269,0.03286,0.041257
320,0.04495,0.048929,0.023927,0.036639,0.042705,0.032017,0.035283,0.031935,0.03686,0.032437,0.039152,0.039395
330,0.044611,0.052856,0.018713,0.033759,0.045287,0.028208,0.03583,0.030531,0.045597,0.039783,0.039404,0.034667
340,0.046286,0.052929,0.022478,0.033153,0.036406,0.029778,0.038006,0.029223,0.046104,0.041977,0.043816,0.037029
350,0.043723,0.053022,0.022241,0.039117,0.044193,0.03096,0.037341,0.023538,0.038198,0.030528,0.043468,0.0418
360,0.041896,0.055077,0.025831,0.035003,0.046626,0.027414,0.029699,0.017358,0.039773,0.035405,0.040435,0.034155
370,0.039604,0.049334,0.029028,0.043503,0.047885,0.032064,0.034416,0.024662,0.037773,0.03484,0.03434,0.037557
380,0.040592,0.052279,0.028973,0.039441,0.053545,0.034368,0.031423,0.027676,0.04079,0.039751,0.037717,0.038532
390,0.040526,0.054467,0.031275,0.033945,0.045344,0.031464,0.034078,0.032906,0.039831,0.030432,0.044353,0.041533
400,0.038204,0.042716,0.033276,0.041392,0.044916,0.037924,0.030985,0.022066,0.033953,0.038238,0.039506,0.036053
410,0.038624,0.051278,0.031652,0.045806,0.04754,0.031124,0.031558,0.031864,0.040461,0.03233,0.038859,0.04497
420,0.034716,0.043346,0.032577,0.039208,0.049324,0.042316,0.030844,0.024416,0.043675,0.029929,0.033131,0.040163
430,0.040576,0.045777,0.032986,0.0377,0.046315,0.033067,0.031905,0.034089,0.040003,0.028022,0.043632,0.048036
440,0.038942,0.045496,0.033679,0.044025,0.051398,0.040629,0.025192,0.023826,0.042716,0.03764,0.041797,0.038433
450,0.043363,0.040599,0.033252,0.031451,0.053249,0.033312,0.03126,0.024692,0.040952,0.028206,0.040903,0.050281
460,0.029095,0.050809,0.032721,0.041118,0.050876,0.035937,0.03346,0.039239,0.044935,0.03952,0.03833,0.040654
470,0.03537,0.041434,0.033475,0.034242,0.047228,0.039278,0.030696,0.033188,0.036292,0.033107,0.033341,0.041248
480,0.037878,0.043445,0.030677,0.042976,0.043636,0.041458,0.036927,0.022555,0.040682,0.041258,0.043567,0.046943
490,0.045098,0.044801,0.03379,0.036508,0.046948,0.048633,0.029154,0.025964,0.044939,0.034095,0.044536,0.048622
500,0.044624,0.048582,0.032511,0.036778,0.043768,0.02543,0.029729,0.02827,0.047153,0.046996,0.041051,0.036881
510,0.045984,0.048563,0.033657,0.027527,0.046021,0.034609,0.035237,0.024888,0.045926,0.04097,0.039095,0.035714
520,0.050361,0.045218,0.031792,0.032168,0.043882,0.037879,0.040724,0.026564,0.050489,0.045887,0.044867,0.033347
530,0.045706,0.043127,0.033393,0.03507,0.040415,0.03244,0.038443,0.027638,0.040143,0.043898,0.040394,0.03913
540,0.052054,0.048305,0.034733,0.032381,0.037772,0.035648,0.0376,0.02628,0.037934,0.042423,0.043367,0.036667
550,0.045308,0.055422,0.033425,0.02594,0.041383,0.035812,0.034811,0.025141,0.0501,0.045427,0.042614,0.04467
560,0.047812,0.046095,0.039612,0.033864,0.044365,0.035793,0.040252,0.028784,0.043791,0.049333,0.045854,0.040322
570,0.049148,0.053064,0.037104,0.028797,0.038924,0.032332,0.03697,0.029764,0.040054,0.047129,0.051769,0.05077
580,0.049061,0.04525,0.039822,0.034362,0.043296,0.035924,0.033751,0.031496,0.034506,0.03967,0.043149,0.054979
590,0.044228,0.046212,0.041796,0.037717,0.049609,0.03553,0.035932,0.027228,0.038571,0.03767,0.050689,0.048019
600,0.042006,0.052279,0.039863,0.028208,0.04344,0.035764,0.024271,0.030599,0.037269,0.044434,0.050968,0.042589
610,0.048005,0.042426,0.043047,0.035468,0.041225,0.045259,0.027795,0.031132,0.033811,0.04234,0.056495,0.045876
620,0.043181,0.046713,0.034428,0.031373,0.032117,0.045173,0.027797,0.02063,0.031034,0.04096,0.057385,0.050178
630,0.047362,0.044025,0.042952,0.035224,0.040529,0.036734,0.032539,0.039126,0.038691,0.039754,0.05565,0.053452
640,0.044223,0.045803,0.037855,0.02886,0.052031,0.036856,0.037198,0.028413,0.039577,0.033934,0.052795,0.051624
650,0.051899,0.039147,0.037669,0.038727,0.050439,0.035901,0.029559,0.036125,0.036039,0.038149,0.056778,0.056725
660,0.042713,0.042759,0.0386,0.032325,0.042362,0.037641,0.031378,0.025693,0.032963,0.03935,0.04858,0.042955
670,0.053103,0.039785,0.032557,0.025074,0.050042,0.040682,0.03662,0.040093,0.038363,0.037422,0.056199,0.047096
680,0.052749,0.042908,0.035497,0.031227,0.054592,0.039757,0.038758,0.03778,0.037979,0.035447,0.049135,0.045685
690,0.061415,0.044228,0.039175,0.023195,0.047891,0.041938,0.041507,0.044713,0.034534,0.037683,0.050865,0.049623
700,0.061821,0.042816,0.030973,0.032744,0.042703,0.037178,0.043388,0.040097,0.038094,0.041219,0.049392,0.050894
710,0.052878,0.050995,0.038473,0.033614,0.046802,0.040372,0.045574,0.037897,0.034058,0.04236,0.053233,0.044994
720,0.05815,0.046121,0.028148,0.027091,0.044873,0.03366,0.041067,0.039513,0.039955,0.043864,0.055954,0.041707
730,0.054713,0.051144,0.033909,0.028179,0.040916,0.030366,0.045367,0.036174,0.039185,0.038827,0.060087,0.03951
740,0.057406,0.043954,0.031295,0.03446,0.05045,0.035808,0.043722,0.041739,0.037465,0.044635,0.052631,0.053779
750,0.05827,0.054492,0.036996,0.033987,0.047767,0.030754,0.046649,0.0354,0.036576,0.045602,0.048506,0.040194
760,0.05892,0.057765,0.035076,0.034509,0.047599,0.033484,0.047848,0.034138,0.031049,0.038217,0.057965,0.048081
770,0.067564,0.050032,0.036806,0.026395,0.052686,0.033218,0.041973,0.035496,0.034193,0.035385,0.059634,0.045412
780,0.050595,0.053277,0.033149,0.037084,0.052904,0.031466,0.044159,0.038484,0.036949,0.033073,0.053942,0.053365
790,0.04996,0.054197,0.039157,0.036044,0.050623,0.029248,0.047014,0.038777,0.035609,0.032868,0.057549,0.050326
800,0.057958,0.048754,0.036513,0.037924,0.056456,0.031194,0.041933,0.044296,0.026984,0.041937,0.061158,0.053402
810,0.055247,0.050139,0.042394,0.039512,0.070089,0.038393,0.042753,0.047025,0.030183,0.041037,0.057256,0.054433
820,0.052293,0.046495,0.039095,0.039779,0.053879,0.033134,0.052378,0.048012,0.037493,0.036339,0.055011,0.050897
830,0.063557,0.047272,0.042498,0.044429,0.061999,0.037822,0.052564,0.038821,0.034753,0.034279,0.05142,0.053076
840,0.051799,0.043307,0.037766,0.046778,0.061062,0.036577,0.049557,0.050911,0.036507,0.030991,0.05065,0.04634
850,0.05222,0.051255,0.043809,0.043788,0.05662,0.036871,0.044183,0.060578,0.032485,0.036263,0.048303,0.046067
860,0.056564,0.054611,0.04154,0.04047,0.057735,0.046338,0.049265,0.050891,0.028614,0.028386,0.050751,0.05283
870,0.04638,0.053261,0.034058,0.046415,0.052727,0.039776,0.049531,0.057523,0.030886,0.035124,0.056261,0.038603
880,0.050067,0.052217,0.03818,0.037024,0.055056,0.039814,0.048447,0.050625,0.039766,0.036127,0.044857,0.04219
890,0.052739,0.049103,0.036623,0.037757,0.058648,0.040538,0.051494,0.045898,0.036403,0.032585,0.053628,0.043743
900,0.059807,0.063849,0.034492,0.041704,0.054059,0.041534,0.055817,0.04215,0.038407,0.035188,0.047515,0.043041
910,0.055661,0.058158,0.034936,0.039553,0.048469,0.035436,0.058609,0.048924,0.042643,0.03818,0.046346,0.037966
920,0.053843,0.057151,0.038758,0.031431,0.053012,0.035341,0.064779,0.051369,0.038743,0.038938,0.052226,0.034068
930,0.056907,0.058338,0.039652,0.051825,0.05871,0.037156,0.053196,0.057252,0.032237,0.045217,0.048588,0.046132
940,0.055913,0.054371,0.03973,0.03758,0.051717,0.038459,0.062899,0.042774,0.03188,0.03871,0.053026,0.033876
950,0.055349,0.053659,0.040456,0.041849,0.056692,0.043433,0.055984,0.046116,0.0394,0.037806,0.053052,0.037454
960,0.052261,0.061383,0.0408,0.042726,0.059729,0.038629,0.061065,0.045582,0.040439,0.036307,0.051872,0.040143
970,0.049878,0.06519,0.044812,0.042295,0.05521,0.041522,0.052047,0.044376,0.042953,0.035584,0.054786,0.033245
980,0.05033,0.060724,0.04384,0.039587,0.06041,0.04562,0.05679,0.036212,0.043161,0.036147,0.049555,0.049678
990,0.050079,0.056742,0.048047,0.052049,0.061065,0.041695,0.05686,0.042767,0.032111,0.035748,0.05825,0.043163
1000,0.043834,0.052131,0.044461,0.051253,0.055885,0.048532,0.052303,0.035903,0.038407,0.039706,0.050024,0.039554
1010,0.053273,0.06403,0.048264,0.053107,0.063017,0.049368,0.051808,0.044298,0.037288,0.036219,0.052201,0.043445
1020,0.051979,0.059429,0.043082,0.049236,0.059486,0.050306,0.053689,0.052879,0.038553,0.032333,0.0527,0.038122
1030,0.048664,0.053949,0.049303,0.054053,0.053128,0.059171,0.058922,0.05319,0.042736,0.032903,0.049732,0.042655
1040,0.044785,0.052796,0.049572,0.054342,0.062461,0.053055,0.052162,0.057703,0.035357,0.039063,0.041631,0.051782
1050,0.049154,0.047821,0.051051,0.055521,0.05582,0.047561,0.056255,0.057885,0.039358,0.044125,0.051074,0.035877
1060,0.040577,0.040057,0.047834,0.051005,0.062708,0.052733,0.059457,0.039463,0.034564,0.038064,0.043135,0.036796
1070,0.047436,0.047552,0.05552,0.048083,0.063911,0.052735,0.056643,0.04168,0.048144,0.03259,0.034727,0.040317
1080,0.049557,0.045039,0.052166,0.054016,0.052474,0.043553,0.068814,0.052231,0.048381,0.038098,0.035269,0.039781
1090,0.045613,0.039807,0.047526,0.050113,0.065258,0.056808,0.05523,0.051331,0.045548,0.044874,0.035387,0.042696
1100,0.050148,0.052391,0.05341,0.049803,0.056008,0.052997,0.060291,0.0433,0.054624,0.041846,0.049826,0.036265
1110,0.046077,0.053792,0.057603,0.050224,0.053534,0.047894,0.0633,0.045488,0.05442,0.042545,0.035601,0.04079
1120,0.050514,0.047055,0.055825,0.047612,0.049624,0.056151,0.058316,0.054615,0.046569,0.050874,0.04924,0.035971
1130,0.039209,0.048957,0.045679,0.048512,0.05155,0.052749,0.062311,0.041785,0.058196,0.047406,0.043172,0.036253
1140,0.044692,0.051076,0.047616,0.050102,0.048216,0.052557,0.062454,0.035173,0.047806,0.051416,0.042848,0.038338
1150,0.045771,0.051343,0.053634,0.043718,0.04631,0.057675,0.054798,0.038193,0.048948,0.045954,0.046185,0.040605
1160,0.044762,0.0538,0.058009,0.046093,0.046207,0.063113,0.065282,0.044831,0.046697,0.044352,0.049237,0.041634
1170,0.046866,0.058975,0.060155,0.048362,0.052834,0.055429,0.058968,0.046562,0.056487,0.043233,0.048417,0.046334
1180,0.048133,0.050098,0.056176,0.047868,0.055574,0.051196,0.057952,0.036773,0.050716,0.039983,0.052406,0.042166
1190,0.040442,0.047541,0.065582,0.050883,0.057289,0.065364,0.052927,0.045498,0.049199,0.043937,0.04469,0.047126
1200,0.049999,0.05295,0.055601,0.042615,0.047978,0.062333,0.049171,0.044695,0.043605,0.051053,0.042735,0.055618
1210,0.042006,0.051715,0.061678,0.060646,0.05283,0.056749,0.056348,0.048258,0.0443,0.049855,0.049733,0.039004
1220,0.045374,0.041235,0.067304,0.052865,0.044074,0.062007,0.051727,0.043923,0.047289,0.044208,0.048664,0.0539
1230,0.040086,0.039153,0.065326,0.049732,0.059418,0.073837,0.05163,0.052801,0.039483,0.051112,0.05276,0.059591
1240,0.041269,0.047245,0.067752,0.057835,0.050616,0.059748,0.049267,0.045727,0.045685,0.048059,0.058805,0.043512
1250,0.047068,0.040547,0.062671,0.058851,0.060779,0.069195,0.052063,0.047265,0.056973,0.045272,0.050281,0.055033
1260,0.045759,0.044907,0.061166,0.050425,0.048642,0.059964,0.052286,0.050595,0.052525,0.052766,0.040613,0.04367
1270,0.048288,0.044617,0.068641,0.046838,0.048739,0.067865,0.053117,0.050828,0.052302,0.049174,0.040535,0.059776
1280,0.05731,0.046219,0.063553,0.050684,0.051427,0.060016,0.061038,0.056237,0.054208,0.061222,0.045194,0.048777
1290,0.053257,0.051236,0.059853,0.044952,0.046788,0.057658,0.056344,0.054226,0.058666,0.060897,0.044531,0.056761
1300,0.051229,0.048947,0.0601,0.047281,0.043034,0.057571,0.057192,0.053345,0.056593,0.051329,0.050271,0.042443
1310,0.055447,0.055769,0.0598,0.058585,0.040284,0.0555,0.059425,0.060974,0.056425,0.060725,0.054419,0.051872
1320,0.053312,0.050866,0.058743,0.044238,0.043689,0.057083,0.056697,0.060344,0.052055,0.064405,0.052802,0.051731
1330,0.052094,0.051439,0.064978,0.045841,0.061849,0.055349,0.06333,0.050146,0.055836,0.059427,0.041937,0.038554
1340,0.052613,0.05235,0.055889,0.047237,0.043681,0.059637,0.052963,0.057469,0.051563,0.061199,0.054216,0.050057
1350,0.052158,0.044803,0.062271,0.046528,0.04929,0.054186,0.059282,0.059508,0.053093,0.063151,0.050363,0.038623
1360,0.041048,0.045364,0.064312,0.0534,0.051927,0.061616,0.058608,0.056736,0.048044,0.060882,0.043555,0.036275
1370,0.053664,0.050171,0.057629,0.049844,0.05368,0.065045,0.056287,0.052574,0.045099,0.059964,0.044109,0.056319
1380,0.058291,0.055629,0.069432,0.046339,0.058915,0.050558,0.059212,0.054774,0.061405,0.060347,0.053678,0.054536
1390,0.057693,0.052825,0.065618,0.043302,0.048857,0.057963,0.058127,0.052921,0.053398,0.053967,0.050701,0.05369
1400,0.055242,0.053565,0.05602,0.054572,0.040141,0.05806,0.060468,0.061512,0.053454,0.05565,0.058847,0.051721
1410,0.043516,0.040856,0.066093,0.062989,0.053108,0.066789,0.053401,0.044798,0.056086,0.055288,0.057269,0.064951
1420,0.054992,0.050221,0.055009,0.054263,0.057995,0.059341,0.059695,0.060058,0.046205,0.057039,0.056695,0.054184
1430,0.063292,0.047293,0.073147,0.059997,0.06111,0.053026,0.057033,0.061387,0.044448,0.060785,0.058345,0.062394
1440,0.056052,0.042669,0.062487,0.060627,0.062147,0.066321,0.056318,0.07522,0.056241,0.057811,0.052295,0.056386
1450,0.046154,0.0464,0.058996,0.05884,0.060672,0.064612,0.057805,0.063659,0.049624,0.049492,0.061649,0.059241
1460,0.053605,0.047736,0.06385,0.054826,0.050151,0.063542,0.062818,0.065271,0.058812,0.061857,0.052269,0.054492
1470,0.059145,0.048348,0.064181,0.064392,0.056667,0.05818,0.051974,0.059771,0.051146,0.056,0.054938,0.056284
1480,0.055727,0.049345,0.059638,0.050527,0.051367,0.061936,0.058696,0.072027,0.055282,0.051114,0.054254,0.062733
1490,0.053415,0.047033,0.059417,0.06512,0.059,0.057795,0.056032,0.071018,0.056014,0.0554,0.054981,0.046394
1500,0.064912,0.05109,0.058609,0.057921,0.053605,0.056112,0.071735,0.06695,0.061043,0.061528,0.050736,0.065812
1510,0.053423,0.051404,0.056179,0.066125,0.049414,0.058693,0.060119,0.06687,0.048119,0.055108,0.050917,0.063094
1520,0.054488,0.058342,0.054483,0.054308,0.053693,0.055773,0.068633,0.075075,0.051171,0.047442,0.048377,0.039736
1530,0.060466,0.057814,0.064193,0.056222,0.053445,0.056493,0.076614,0.071587,0.05913,0.059355,0.051351,0.054272
1540,0.060072,0.058164,0.056932,0.051717,0.054919,0.051439,0.069924,0.069056,0.054043,0.053362,0.051297,0.051907
1550,0.062138,0.059594,0.06323,0.057353,0.051875,0.067762,0.067316,0.071042,0.056933,0.055622,0.055305,0.041478
1560,0.06213,0.06042,0.05796,0.070392,0.060942,0.054763,0.069825,0.067819,0.067533,0.054227,0.05044,0.056632
1570,0.050143,0.058139,0.049664,0.075866,0.060087,0.054113,0.067458,0.075837,0.049486,0.060719,0.055032,0.049866
1580,0.05236,0.066208,0.065747,0.055559,0.061411,0.066021,0.071344,0.078103,0.058292,0.054111,0.06163,0.052152
1590,0.046847,0.053812,0.064062,0.068144,0.059141,0.0702,0.063933,0.061388,0.049076,0.05773,0.057999,0.055813
1600,0.051871,0.057953,0.057244,0.070173,0.062325,0.057099,0.068377,0.074023,0.055653,0.056326,0.054635,0.048347
1610,0.048177,0.055542,0.058724,0.076283,0.057103,0.06809,0.062118,0.072456,0.056926,0.047919,0.052925,0.052849
1620,0.058299,0.050827,0.06023,0.065827,0.063798,0.060732,0.060493,0.082814,0.054512,0.049497,0.054548,0.052378
1630,0.058275,0.056609,0.061569,0.073587,0.056785,0.062044,0.066757,0.08362,0.052387,0.0524,0.052947,0.051068
1640,0.057668,0.05269,0.064341,0.082661,0.063666,0.067517,0.066589,0.074927,0.054412,0.054214,0.046031,0.055023
1650,0.05108,0.061938,0.069802,0.073881,0.059693,0.068494,0.067217,0.067313,0.053672,0.059618,0.050974,0.06132
1660,0.046616,0.052695,0.063046,0.078767,0.058183,0.064022,0.063842,0.078243,0.06108,0.061691,0.052061,0.059358
1670,0.047148,0.056064,0.064991,0.076416,0.060705,0.069736,0.06621,0.074158,0.058612,0.060664,0.045884,0.05327
1680,0.052326,0.043239,0.059747,0.076006,0.061551,0.067068,0.065512,0.086708,0.063596,0.060802,0.04745,0.05315
1690,0.054808,0.04921,0.059953,0.075202,0.064247,0.065055,0.070456,0.084678,0.064797,0.0584,0.042569,0.056366
1700,0.048929,0.05729,0.066359,0.080954,0.057417,0.068902,0.077368,0.075235,0.067203,0.056007,0.039709,0.051218
1710,0.052827,0.063345,0.061311,0.071053,0.050796,0.069399,0.072868,0.068793,0.069727,0.057707,0.044663,0.049414
1720,0.060214,0.061086,0.065849,0.083298,0.050976,0.067694,0.067934,0.072612,0.076361,0.064028,0.046933,0.046238
1730,0.064996,0.06257,0.065464,0.082479,0.041587,0.073131,0.070632,0.079088,0.073387,0.060372,0.058128,0.059157
1740,0.051862,0.062211,0.067754,0.071597,0.053667,0.064377,0.062914,0.061854,0.076961,0.075487,0.052026,0.058607
1750,0.052795,0.066782,0.067887,0.077511,0.060102,0.067208,0.072871,0.057833,0.065542,0.072203,0.046707,0.038816
1760,0.049365,0.067554,0.069513,0.075322,0.054341,0.077909,0.06761,0.076479,0.070968,0.071286,0.051007,0.036697
1770,0.044894,0.058945,0.069483,0.080354,0.062385,0.064811,0.072097,0.07113,0.066689,0.069469,0.04274,0.038458
1780,0.049946,0.056908,0.062503,0.07946,0.055132,0.076079,0.066761,0.073297,0.070154,0.069678,0.056294,0.055444
1790,0.051586,0.062877,0.078872,0.080478,0.054335,0.072752,0.065968,0.067925,0.059104,0.065,0.050365,0.061154
1800,0.051634,0.061259,0.070041,0.082826,0.049463,0.071275,0.067029,0.063759,0.061943,0.072916,0.053622,0.072236
1810,0.041519,0.066107,0.077544,0.064842,0.065338,0.072934,0.065813,0.063037,0.06987,0.07937,0.048116,0.065635
1820,0.046443,0.063595,0.076785,0.070792,0.061318,0.076011,0.061819,0.057095,0.06974,0.065944,0.050046,0.065058
1830,0.041586,0.055246,0.077179,0.083428,0.055736,0.07461,0.060336,0.065598,0.078844,0.073683,0.052934,0.066848
1840,0.044363,0.054723,0.083645,0.079546,0.053428,0.082384,0.060756,0.063174,0.073301,0.059157,0.042026,0.059765
1850,0.048044,0.058382,0.072922,0.076174,0.049536,0.069622,0.061441,0.064247,0.071548,0.061157,0.044881,0.075887
1860,0.050241,0.05713,0.075147,0.071631,0.059873,0.085291,0.060617,0.08256,0.074201,0.067355,0.035142,0.06305
1870,0.054593,0.054363,0.078661,0.081706,0.04999,0.085979,0.061401,0.063295,0.085732,0.068733,0.053476,0.066137
1880,0.059778,0.051862,0.073665,0.063555,0.061265,0.069347,0.066064,0.070694,0.071091,0.066585,0.050439,0.070864
1890,0.06072,0.059652,0.075801,0.077203,0.050386,0.083136,0.060271,0.063945,0.083133,0.083751,0.05274,0.058327
1900,0.05361,0.054436,0.064174,0.076973,0.051948,0.076742,0.064334,0.074884,0.073323,0.086611,0.054081,0.053687
1910,0.051578,0.056609,0.073499,0.08136,0.056847,0.079701,0.061283,0.075908,0.071822,0.087769,0.054005,0.050735
1920,0.060887,0.054228,0.068754,0.074217,0.057872,0.070364,0.070182,0.079811,0.08003,0.081832,0.048297,0.06228
1930,0.058148,0.051526,0.073153,0.083682,0.047155,0.070697,0.065828,0.073855,0.080306,0.09159,0.0536,0.060382
1940,0.058708,0.063736,0.063446,0.078124,0.052655,0.079089,0.0644,0.077796,0.077409,0.069703,0.054726,0.059309
1950,0.058398,0.057825,0.075087,0.068228,0.049602,0.075719,0.061702,0.066767,0.074779,0.079809,0.051342,0.056938
1960,0.048349,0.058368,0.081101,0.067632,0.047233,0.077996,0.059013,0.067662,0.080906,0.080943,0.067499,0.073147
1970,0.053207,0.060327,0.079102,0.075363,0.048472,0.076781,0.067308,0.062214,0.084763,0.087047,0.054315,0.060727
1980,0.062071,0.05521,0.070511,0.069908,0.042701,0.072056,0.059075,0.070157,0.086111,0.083452,0.051991,0.057444
1990,0.058532,0.067593,0.075291,0.069788,0.051562,0.078104,0.060086,0.07229,0.079183,0.083826,0.060278,0.06858
2000,0.048898,0.069564,0.080401,0.069097,0.056432,0.080509,0.055529,0.064373,0.064226,0.082263,0.061276,0.065279
2010,0.052123,0.05942,0.075332,0.071812,0.066984,0.067675,0.056835,0.070402,0.078212,0.076297,0.059047,0.08334
2020,0.057389,0.055616,0.075058,0.081285,0.050158,0.073137,0.054837,0.085787,0.072051,0.087108,0.063125,0.070299
2030,0.065122,0.057742,0.07657,0.074663,0.053445,0.08327,0.05168,0.078363,0.068619,0.081277,0.053877,0.075519
2040,0.054534,0.067851,0.080628,0.062815,0.053668,0.085006,0.055858,0.085151,0.077271,0.085454,0.064563,0.072245
2050,0.053088,0.063728,0.079531,0.078552,0.055874,0.08657,0.053892,0.077252,0.076049,0.083371,0.063864,0.084989
2060,0.061159,0.064817,0.069965,0.075758,0.056924,0.069608,0.0706,0.070793,0.076,0.074373,0.068449,0.076897
2070,0.071594,0.062714,0.076985,0.07546,0.045607,0.078712,0.052158,0.072989,0.079317,0.076639,0.060054,0.075709
2080,0.064968,0.065794,0.066501,0.073858,0.055112,0.073485,0.067433,0.067352,0.067035,0.087912,0.066241,0.084272
2090,0.063907,0.066353,0.063826,0.07226,0.060586,0.079325,0.064891,0.065958,0.082964,0.083224,0.062189,0.078759
2100,0.063228,0.065703,0.062845,0.084978,0.047487,0.079774,0.066778,0.086216,0.081976,0.079214,0.070821,0.074583
2110,0.07717,0.06685,0.068615,0.069561,0.060597,0.080282,0.06661,0.077258,0.075115,0.089578,0.062073,0.077018
2120,0.068953,0.068598,0.062014,0.073442,0.053278,0.067305,0.062801,0.081742,0.079866,0.090711,0.065743,0.083717
2130,0.065073,0.073088,0.05659,0.074979,0.05973,0.065103,0.056832,0.082351,0.082047,0.085288,0.068097,0.077429
2140,0.078614,0.067511,0.063829,0.08131,0.052978,0.058877,0.062985,0.065645,0.081841,0.088698,0.077805,0.079561
2150,0.057773,0.071501,0.062146,0.077891,0.066863,0.068066,0.064384,0.077233,0.076376,0.081569,0.058995,0.078314
2160,0.070975,0.065087,0.064772,0.071412,0.056523,0.076518,0.059759,0.076267,0.084054,0.08869,0.07068,0.084
2170,0.071807,0.074142,0.065948,0.082378,0.052781,0.060397,0.059481,0.076715,0.079284,0.090072,0.069552,0.083447
2180,0.062124,0.067861,0.069546,0.079301,0.060283,0.080177,0.062616,0.085891,0.066562,0.083599,0.072596,0.076634
2190,0.0764,0.069602,0.071247,0.077097,0.066784,0.075711,0.061777,0.079816,0.071965,0.074444,0.077322,0.08054
2200,0.059703,0.080272,0.072909,0.089508,0.061566,0.067024,0.057286,0.08369,0.075692,0.08684,0.069374,0.095638
2210,0.063087,0.076357,0.072041,0.082834,0.075801,0.072085,0.063551,0.085504,0.065734,0.094035,0.082572,0.092265
2220,0.077224,0.086873,0.074247,0.079709,0.075295,0.069581,0.063685,0.082234,0.074149,0.073096,0.065177,0.087495
2230,0.065708,0.071482,0.070676,0.081898,0.074515,0.071913,0.06727,0.095695,0.075569,0.075176,0.071,0.076584
2240,0.063067,0.072223,0.065914,0.093073,0.071873,0.067005,0.062392,0.072904,0.077537,0.078162,0.069659,0.085064
2250,0.075173,0.074522,0.074043,0.087794,0.066632,0.077594,0.063567,0.075419,0.079222,0.082724,0.068775,0.089984
2260,0.072247,0.070553,0.06173,0.082116,0.074706,0.075346,0.076152,0.075969,0.078096,0.07202,0.069855,0.076494
2270,0.070608,0.079427,0.062062,0.091258,0.062906,0.070234,0.06627,0.088523,0.075218,0.079031,0.071364,0.067602
2280,0.068838,0.069428,0.067224,0.075716,0.085665,0.067456,0.070491,0.078371,0.078908,0.081754,0.067727,0.07921
2290,0.0745,0.081381,0.061996,0.076573,0.076716,0.06163,0.074843,0.099018,0.080784,0.08741,0.062882,0.084217
2300,0.072444,0.074385,0.065857,0.090162,0.075337,0.068837,0.0618,0.089534,0.073295,0.081111,0.062811,0.07577
2310,0.078137,0.073368,0.057276,0.08765,0.074418,0.067927,0.070787,0.076606,0.078356,0.078207,0.061717,0.085608
2320,0.075432,0.081956,0.070635,0.084951,0.075179,0.071053,0.063452,0.078292,0.079348,0.077029,0.063023,0.07321
2330,0.070822,0.089746,0.06406,0.090904,0.072012,0.061324,0.072115,0.079175,0.084805,0.093436,0.069195,0.089114
2340,0.080667,0.087889,0.066608,0.093858,0.074012,0.061753,0.077757,0.076741,0.084199,0.075457,0.070791,0.071518
2350,0.069138,0.082479,0.068121,0.090937,0.0658,0.08205,0.068724,0.068311,0.087346,0.08691,0.05917,0.078952
2360,0.079307,0.07989,0.065238,0.091683,0.082587,0.078646,0.075031,0.086589,0.085021,0.075398,0.062126,0.0742
2370,0.082589,0.095377,0.059701,0.079827,0.069119,0.062648,0.070632,0.065167,0.085762,0.083137,0.081779,0.084351
2380,0.07037,0.083989,0.069296,0.098511,0.076733,0.076609,0.069831,0.0814,0.087932,0.086996,0.075146,0.080896
2390,0.073837,0.080626,0.072246,0.091767,0.085408,0.068786,0.068257,0.077179,0.097331,0.093477,0.080653,0.084094
2400,0.060744,0.089166,0.070332,0.086708,0.081357,0.075805,0.061621,0.08049,0.088124,0.068085,0.066697,0.083364
2410,0.066903,0.086086,0.065447,0.095498,0.068546,0.083406,0.070016,0.057775,0.07845,0.082087,0.065175,0.095564
2420,0.067142,0.085624,0.067032,0.08949,0.077395,0.082958,0.064857,0.07646,0.085771,0.086021,0.070234,0.092928
2430,0.068229,0.088868,0.070428,0.099263,0.077299,0.068183,0.07201,0.067833,0.072263,0.078288,0.067475,0.071033
2440,0.075035,0.074922,0.064132,0.092207,0.082742,0.07984,0.060727,0.068672,0.09176,0.089864,0.076134,0.090062
2450,0.070029,0.08781,0.072245,0.09435,0.083299,0.080305,0.069702,0.07986,0.085104,0.082117,0.071553,0.08781
2460,0.06909,0.073619,0.074161,0.08806,0.085828,0.077064,0.069728,0.08008,0.079892,0.086939,0.070332,0.088147
2470,0.073349,0.082982,0.077437,0.083734,0.088774,0.073536,0.063379,0.080439,0.082891,0.084417,0.064836,0.086626
2480,0.07166,0.082009,0.069887,0.092413,0.069608,0.074334,0.064737,0.078988,0.093438,0.070357,0.064686,0.092698
2490,0.072139,0.088851,0.070713,0.07844,0.081927,0.077629,0.06449,0.061153,0.088306,0.085892,0.067903,0.071928
2500,0.074857,0.079564,0.074419,0.081951,0.070023,0.072467,0.07092,0.079897,0.090778,0.100708,0.075536,0.075188
2510,0.067826,0.098814,0.070528,0.082942,0.07438,0.081781,0.069242,0.063854,0.09856,0.076304,0.061846,0.071919
2520,0.083311,0.088335,0.073699,0.083198,0.074474,0.073139,0.074691,0.06585,0.086878,0.098993,0.058925,0.076063
2530,0.073766,0.083674,0.069817,0.091004,0.081023,0.069899,0.067907,0.074609,0.098465,0.090679,0.074039,0.076538
2540,0.073569,0.100117,0.069639,0.072015,0.059508,0.069235,0.065866,0.06383,0.095973,0.089707,0.078823,0.086701
2550,0.071171,0.089903,0.07242,0.079143,0.082956,0.08483,0.061718,0.079348,0.100371,0.089589,0.078076,0.075527
2560,0.080346,0.094802,0.078001,0.087062,0.081543,0.090645,0.070336,0.064935,0.093114,0.076741,0.079182,0.095562
2570,0.067022,0.093187,0.069978,0.077324,0.081304,0.07678,0.060591,0.06684,0.081765,0.095518,0.071345,0.071106
2580,0.079965,0.092379,0.07183,0.091394,0.084176,0.075173,0.075062,0.076624,0.090184,0.095293,0.077655,0.076153
2590,0.077928,0.096788,0.078138,0.088984,0.082054,0.080939,0.061419,0.06817,0.094561,0.08995,0.081274,0.089339
2600,0.073352,0.087632,0.079366,0.097005,0.075816,0.078921,0.062325,0.059417,0.096655,0.088602,0.090666,0.093681
2610,0.073272,0.08596,0.075243,0.090626,0.079315,0.085177,0.060676,0.065635,0.08883,0.089622,0.085479,0.086799
2620,0.085769,0.078189,0.08039,0.086708,0.075228,0.083025,0.051714,0.061601,0.086277,0.100427,0.090197,0.097366
2630,0.072086,0.093614,0.080732,0.085038,0.081073,0.084233,0.060407,0.076647,0.095826,0.082716,0.081547,0.090547
2640,0.070618,0.084229,0.077395,0.093834,0.084087,0.082997,0.060302,0.067901,0.092425,0.088105,0.089985,0.102181
2650,0.086226,0.080308,0.073668,0.083159,0.08528,0.076577,0.059712,0.070306,0.094651,0.0981,0.087152,0.091494
2660,0.079099,0.080778,0.081622,0.083585,0.070361,0.085316,0.061807,0.08101,0.087858,0.090697,0.068323,0.101241
2670,0.069411,0.08519,0.074325,0.08455,0.081551,0.084839,0.066636,0.072825,0.085331,0.103195,0.07892,0.090824
2680,0.091783,0.093586,0.07817,0.088537,0.080381,0.082173,0.057997,0.085358,0.078413,0.093186,0.078216,0.090761
2690,0.083512,0.085282,0.075029,0.077244,0.085903,0.080446,0.069818,0.078353,0.098321,0.096531,0.089747,0.09508
2700,0.089526,0.077224,0.073503,0.074041,0.076477,0.076637,0.069245,0.079377,0.092102,0.109339,0.069576,0.096696
2710,0.089936,0.100884,0.074673,0.059863,0.090004,0.074968,0.076199,0.073905,0.093976,0.094944,0.08368,0.09539
2720,0.088824,0.089193,0.079348,0.078483,0.075368,0.076706,0.058238,0.060301,0.095527,0.105127,0.081065,0.086895
2730,0.095591,0.094927,0.080207,0.088563,0.087713,0.067927,0.071454,0.080841,0.094608,0.110625,0.094851,0.096402
2740,0.080201,0.080189,0.08588,0.078528,0.077269,0.077808,0.075315,0.060086,0.100549,0.105304,0.095131,0.097596
2750,0.082984,0.089678,0.075081,0.087739,0.079855,0.074244,0.072288,0.079285,0.086865,0.093919,0.097369,0.094983
2760,0.081552,0.097407,0.076701,0.086621,0.079746,0.080446,0.083071,0.078912,0.089232,0.104274,0.087737,0.102602
2770,0.094542,0.101292,0.083151,0.091495,0.084965,0.076563,0.078291,0.075139,0.091805,0.102082,0.08324,0.102941
2780,0.094193,0.100877,0.075067,0.075038,0.071408,0.085081,0.06224,0.081734,0.087373,0.101746,0.099436,0.084124
2790,0.090605,0.10004,0.075979,0.085933,0.088183,0.081411,0.082007,0.083919,0.075556,0.091377,0.086854,0.10281
2800,0.080573,0.09354,0.08158,0.079599,0.089054,0.076412,0.070559,0.084755,0.088319,0.091858,0.084596,0.099898
2810,0.100472,0.0921,0.08277,0.086185,0.090979,0.079917,0.054813,0.08874,0.092255,0.089321,0.099718,0.097361
2820,0.097519,0.090122,0.07755,0.086327,0.106272,0.075429,0.069351,0.074852,0.073775,0.088582,0.08166,0.093556
2830,0.091048,0.093186,0.076982,0.088336,0.085478,0.084584,0.071219,0.076142,0.078811,0.084865,0.099209,0.095347
2840,0.097377,0.094157,0.070201,0.079504,0.089922,0.082774,0.071331,0.078352,0.086589,0.090111,0.100142,0.088772
2850,0.094662,0.10204,0.071197,0.087959,0.098599,0.079276,0.067676,0.095017,0.088861,0.100208,0.093304,0.099376
2860,0.095858,0.095598,0.06618,0.083468,0.091438,0.081773,0.075997,0.085775,0.075802,0.101008,0.092852,0.109993
2870,0.098113,0.096451,0.072217,0.097824,0.095423,0.070113,0.079707,0.079186,0.079205,0.087359,0.099572,0.097105
2880,0.0942,0.096009,0.066823,0.112485,0.096735,0.081889,0.080058,0.091609,0.073166,0.099881,0.08517,0.106286
2890,0.098485,0.105665,0.071993,0.087315,0.093651,0.077514,0.071752,0.086583,0.085463,0.082528,0.09459,0.102888
2900,0.107394,0.105009,0.073241,0.082732,0.093811,0.069528,0.078121,0.07627,0.090951,0.100085,0.090369,0.103839
2910,0.097585,0.104606,0.064861,0.085334,0.104475,0.065372,0.088418,0.079918,0.095035,0.093946,0.087335,0.100352
2920,0.097594,0.103822,0.074772,0.095654,0.090273,0.080883,0.081995,0.080707,0.076485,0.098147,0.098189,0.08982
2930,0.102929,0.103372,0.07866,0.09296,0.083087,0.079676,0.079159,0.08967,0.090227,0.092436,0.090282,0.10326
2940,0.09524,0.109433,0.066597,0.083297,0.094008,0.074551,0.08815,0.068305,0.090953,0.089063,0.096169,0.11084
2950,0.103103,0.107987,0.065929,0.090361,0.084698,0.071434,0.090277,0.073038,0.096209,0.096525,0.09552,0.105545
2960,0.109399,0.101087,0.072023,0.086646,0.084975,0.066749,0.077762,0.081021,0.087505,0.089816,0.091821,0.095881
2970,0.1052,0.102471,0.07044,0.086167,0.10956,0.070059,0.085379,0.094458,0.080687,0.088229,0.090123,0.088822
2980,0.102639,0.108527,0.071876,0.085834,0.093118,0.076946,0.086189,0.091518,0.086924,0.084061,0.109307,0.113121
2990,0.0915,0.109745,0.068049,0.107831,0.114765,0.073324,0.095001,0.080739,0.082685,0.081264,0.089817,0.084512
3000,0.084279,0.104872,0.077657,0.094673,0.107892,0.085743,0.087659,0.089828,0.086599,0.084552,0.093825,0.089269
3010,0.096743,0.108043,0.076854,0.113326,0.11111,0.076341,0.073965,0.092526,0.08886,0.084984,0.10416,0.101271
3020,0.095839,0.102294,0.070222,0.09828,0.106032,0.077509,0.087108,0.093148,0.086048,0.085714,0.097725,0.10438
3030,0.095542,0.118589,0.08226,0.109222,0.10685,0.086267,0.088249,0.079493,0.085674,0.08446,0.10055,0.098482
3040,0.093751,0.099377,0.073774,0.090265,0.107907,0.083403,0.105084,0.083286,0.081048,0.081545,0.09713,0.104358
3050,0.102996,0.101802,0.068583,0.099338,0.102739,0.088507,0.09287,0.09562,0.089334,0.089333,0.087205,0.099345
3060,0.09039,0.107467,0.080808,0.092342,0.113326,0.076292,0.089761,0.085053,0.088121,0.088902,0.091439,0.094775
3070,0.102824,0.099766,0.078319,0.094829,0.096719,0.087386,0.088096,0.099607,0.093053,0.085046,0.095482,0.095702
3080,0.098051,0.104307,0.080274,0.098689,0.114677,0.084323,0.084578,0.093428,0.087792,0.074032,0.088295,0.087128
3090,0.09708,0.110413,0.075039,0.093339,0.090899,0.079981,0.08685,0.082478,0.096969,0.079041,0.092192,0.101851
3100,0.094539,0.105181,0.073148,0.100828,0.089608,0.079615,0.098691,0.092306,0.086323,0.090659,0.085627,0.093141
3110,0.09178,0.096972,0.074377,0.075513,0.109746,0.081165,0.0913,0.090651,0.096449,0.097748,0.089628,0.086363
3120,0.098889,0.106799,0.085541,0.083724,0.098129,0.084286,0.087282,0.093001,0.088424,0.081326,0.098299,0.074665
3130,0.099627,0.11096,0.075476,0.085788,0.101413,0.079427,0.099404,0.086531,0.093781,0.083951,0.086618,0.099763
3140,0.095358,0.101624,0.061318,0.095415,0.097922,0.090085,0.097351,0.077171,0.087052,0.086245,0.085645,0.088944
3150,0.102264,0.098317,0.083073,0.097101,0.101073,0.088114,0.101023,0.079054,0.108716,0.093503,0.100218,0.099242
3160,0.079829,0.11756,0.088946,0.089557,0.096303,0.095134,0.101159,0.082262,0.091013,0.096222,0.090633,0.110257
3170,0.099618,0.120248,0.082257,0.099286,0.103734,0.091661,0.092806,0.080231,0.09201,0.092882,0.088739,0.095257
3180,0.0996,0.112141,0.097566,0.112787,0.110485,0.082873,0.08914,0.091342,0.097267,0.081084,0.092621,0.090391
3190,0.097867,0.113414,0.091692,0.095345,0.105751,0.089349,0.088576,0.095704,0.091996,0.087371,0.099151,0.095051
3200,0.082686,0.105419,0.082741,0.075279,0.10371,0.09081,0.09641,0.084421,0.094831,0.093575,0.09591,0.092493
3210,0.0877,0.112617,0.089266,0.10845,0.101926,0.084326,0.081759,0.086129,0.085413,0.09301,0.086468,0.094981
3220,0.087864,0.114454,0.093053,0.103112,0.11724,0.09488,0.099305,0.093793,0.086136,0.094999,0.089519,0.102948
3230,0.105884,0.115418,0.093173,0.090526,0.102615,0.094867,0.086237,0.089191,0.103073,0.10396,0.095529,0.099347
3240,0.096147,0.100672,0.09023,0.10857,0.106905,0.097489,0.095787,0.097018,0.093085,0.09321,0.098953,0.098395
3250,0.092556,0.11202,0.090754,0.102145,0.109455,0.089673,0.100554,0.102885,0.096919,0.095857,0.091027,0.106389
3260,0.091651,0.10253,0.085373,0.087855,0.107451,0.106936,0.0961,0.094093,0.098421,0.10011,0.094413,0.094435
3270,0.0944,0.100728,0.091818,0.093664,0.097066,0.097034,0.092078,0.103173,0.103902,0.102205,0.08949,0.098585
3280,0.097388,0.091976,0.096459,0.098016,0.115671,0.111301,0.092081,0.094141,0.095583,0.104639,0.083607,0.083517
3290,0.094441,0.108614,0.096703,0.103366,0.105923,0.095378,0.08862,0.085363,0.098745,0.096182,0.091471,0.096635
3300,0.099955,0.089983,0.085228,0.095667,0.097049,0.09622,0.098103,0.087604,0.103307,0.098626,0.091091,0.091638
3310,0.104654,0.105081,0.091976,0.083928,0.094396,0.083099,0.088885,0.085045,0.095619,0.092436,0.094683,0.094819
3320,0.095261,0.098087,0.092537,0.097873,0.107677,0.091537,0.091601,0.091247,0.097208,0.106346,0.090881,0.089372
3330,0.102642,0.099377,0.088359,0.093714,0.087907,0.088624,0.097244,0.086809,0.0994,0.097245,0.097411,0.091063
3340,0.104017,0.103312,0.090118,0.086045,0.104484,0.09583,0.093678,0.088827,0.093763,0.100422,0.092104,0.086063
3350,0.10271,0.102272,0.090088,0.089537,0.096544,0.105568,0.096745,0.080556,0.1106,0.106027,0.106518,0.106254
3360,0.102364,0.103351,0.093512,0.10506,0.10127,0.089656,0.093398,0.096147,0.10347,0.095878,0.113209,0.11278
3370,0.09495,0.112405,0.093416,0.093241,0.104233,0.098513,0.098311,0.088553,0.089693,0.099288,0.097198,0.097257
3380,0.107086,0.107304,0.099673,0.094213,0.088799,0.097212,0.095028,0.096871,0.081184,0.094945,0.098901,0.106774
3390,0.094615,0.102077,0.095815,0.086292,0.091817,0.113166,0.087256,0.080285,0.087869,0.106573,0.093348,0.103025
3400,0.098402,0.101986,0.093447,0.096375,0.09711,0.100539,0.091703,0.093833,0.105076,0.093421,0.097919,0.098561
3410,0.098167,0.110595,0.098052,0.091678,0.09503,0.090242,0.084464,0.100428,0.086269,0.097382,0.101998,0.100851
3420,0.108215,0.097496,0.095832,0.086836,0.112375,0.107913,0.085036,0.094204,0.095683,0.109752,0.104114,0.106424
3430,0.101298,0.107101,0.099928,0.087419,0.104754,0.1014,0.10078,0.102244,0.103753,0.108033,0.103625,0.117387
3440,0.095646,0.100743,0.097606,0.09581,0.112879,0.093604,0.084979,0.118278,0.109069,0.10493,0.113628,0.102481
3450,0.099614,0.095404,0.096051,0.085951,0.096839,0.106127,0.091379,0.112354,0.092855,0.096104,0.103642,0.107114
3460,0.091311,0.09156,0.092471,0.100686,0.104538,0.101648,0.08934,0.095253,0.108389,0.105012,0.09842,0.108616
3470,0.108444,0.096603,0.087777,0.102231,0.102925,0.096,0.099907,0.096392,0.098884,0.109388,0.091747,0.10808
3480,0.123201,0.121594,0.098706,0.096585,0.11282,0.101601,0.096149,0.108371,0.094273,0.107871,0.11372,0.109742
3490,0.0962,0.097239,0.092063,0.102288,0.108287,0.099021,0.106851,0.101133,0.103725,0.102231,0.099191,0.094064
3500,0.108414,0.090858,0.090258,0.107003,0.10258,0.085631,0.096594,0.092583,0.100175,0.09847,0.102386,0.107992
3510,0.116596,0.12043,0.090214,0.086415,0.108285,0.105273,0.092008,0.084938,0.09713,0.115303,0.0883,0.105721
3520,0.117777,0.097795,0.086359,0.104138,0.101301,0.082681,0.119994,0.106579,0.117084,0.094778,0.09746,0.114231
3530,0.10412,0.104519,0.108558,0.092334,0.105432,0.096747,0.094823,0.101104,0.103967,0.103253,0.097649,0.098218
3540,0.122513,0.102651,0.093922,0.100587,0.101204,0.101343,0.098173,0.109319,0.089789,0.108146,0.109612,0.09294
3550,0.10654,0.107791,0.091332,0.11569,0.111317,0.090676,0.097423,0.095307,0.092946,0.120863,0.108778,0.099253
3560,0.105521,0.106529,0.079767,0.103169,0.106789,0.09544,0.095981,0.09892,0.089302,0.114675,0.112186,0.111485
3570,0.095539,0.112178,0.103657,0.096907,0.107764,0.090913,0.11103,0.097468,0.084603,0.107102,0.10276,0.107039
3580,0.108493,0.096074,0.097798,0.117686,0.108275,0.111135,0.114819,0.113515,0.105618,0.102554,0.105718,0.104383
3590,0.11889,0.118421,0.112212,0.105486,0.122293,0.094698,0.103208,0.109834,0.088665,0.106433,0.119344,0.099902
3600,0.104291,0.11723,0.105137,0.104394,0.111992,0.09682,0.103878,0.106437,0.087061,0.113284,0.089633,0.111586
3610,0.101814,0.102545,0.089583,0.097291,0.104174,0.105072,0.109779,0.106844,0.089954,0.102769,0.111937,0.11299
3620,0.106078,0.099757,0.101523,0.105218,0.109916,0.098373,0.108039,0.118169,0.097523,0.099788,0.108348,0.115405
3630,0.103533,0.104038,0.10908,0.123407,0.099969,0.102261,0.099559,0.113737,0.093438,0.103221,0.099209,0.119889
3640,0.106016,0.106244,0.105271,0.120026,0.102839,0.102138,0.108056,0.106908,0.084894,0.101759,0.096688,0.107243
3650,0.102431,0.103844,0.099905,0.112683,0.110391,0.101798,0.105814,0.114042,0.107239,0.101794,0.103374,0.09857
3660,0.112637,0.119417,0.096872,0.112771,0.11049,0.097867,0.111124,0.119749,0.09933,0.094043,0.107482,0.100245
3670,0.096918,0.104087,0.103811,0.131141,0.10596,0.1102,0.112712,0.131497,0.09711,0.100087,0.09262,0.091457
3680,0.100982,0.107913,0.09763,0.120844,0.114135,0.100805,0.109358,0.112951,0.097239,0.103397,0.10692,0.103027
3690,0.107356,0.102239,0.100095,0.110895,0.110606,0.089689,0.120065,0.099895,0.095513,0.100989,0.091333,0.094437
3700,0.114431,0.111826,0.093944,0.115182,0.109638,0.090526,0.116124,0.118201,0.109532,0.111037,0.092408,0.114833
3710,0.112629,0.129035,0.097355,0.120382,0.107618,0.107624,0.126106,0.110807,0.101511,0.096841,0.103907,0.123971
3720,0.108422,0.113331,0.093858,0.11857,0.123547,0.105924,0.110106,0.121167,0.10179,0.099119,0.079246,0.101921
3730,0.115718,0.125924,0.089404,0.109582,0.110226,0.09593,0.114741,0.099367,0.112065,0.106341,0.109467,0.08646
3740,0.11162,0.112812,0.094989,0.132794,0.123039,0.110529,0.126659,0.127471,0.102843,0.095791,0.098209,0.104354
3750,0.088961,0.116146,0.097456,0.116662,0.09428,0.093915,0.113175,0.105965,0.114473,0.111215,0.101036,0.103108
3760,0.100259,0.124881,0.098917,0.118487,0.113083,0.104101,0.11695,0.094533,0.103364,0.10283,0.106802,0.101378
3770,0.100541,0.124489,0.105975,0.11494,0.124216,0.097628,0.10903,0.121121,0.112741,0.105331,0.103297,0.085876
3780,0.094231,0.127279,0.113284,0.118204,0.106222,0.112092,0.116873,0.115862,0.098554,0.101974,0.0936,0.102682
3790,0.104861,0.11491,0.100704,0.110979,0.106775,0.112275,0.118899,0.122422,0.112605,0.108266,0.094584,0.109301
3800,0.108576,0.107461,0.106144,0.13462,0.11788,0.118848,0.111198,0.119228,0.11064,0.104316,0.09383,0.10782
3810,0.095684,0.123856,0.111445,0.128742,0.112894,0.116375,0.115647,0.100874,0.096568,0.089691,0.105187,0.108437
3820,0.088372,0.112016,0.119519,0.124959,0.113963,0.117961,0.118311,0.113276,0.095727,0.107435,0.099479,0.111488
3830,0.103409,0.12148,0.108696,0.118283,0.1176,0.121482,0.115782,0.125521,0.106677,0.121518,0.099014,0.107471
3840,0.099062,0.106984,0.109522,0.131768,0.114963,0.125862,0.115241,0.116433,0.107253,0.119704,0.091202,0.109813
3850,0.097834,0.113104,0.111499,0.129808,0.109746,0.116592,0.107918,0.125245,0.109711,0.10106,0.108102,0.101746
3860,0.101206,0.121173,0.115021,0.128224,0.123981,0.113034,0.103175,0.112425,0.099372,0.091561,0.098697,0.107483
3870,0.099318,0.109701,0.107503,0.129836,0.116357,0.116529,0.121222,0.124853,0.116946,0.098838,0.101678,0.099136
3880,0.105421,0.11552,0.106917,0.126673,0.115687,0.113715,0.114701,0.130493,0.113088,0.118182,0.10064,0.112148
3890,0.099949,0.111243,0.112089,0.128389,0.102968,0.122046,0.124995,0.121031,0.112255,0.118507,0.089066,0.099835
3900,0.101489,0.113869,0.125904,0.139631,0.115409,0.112173,0.114713,0.12169,0.097073,0.124791,0.094456,0.104801
3910,0.118075,0.127748,0.111649,0.137483,0.108701,0.12314,0.111758,0.115325,0.113338,0.112424,0.103247,0.112536
3920,0.111051,0.107104,0.122521,0.123888,0.109125,0.11607,0.126702,0.131587,0.116967,0.121016,0.089352,0.109498
3930,0.113271,0.12395,0.111991,0.114525,0.112149,0.121699,0.115548,0.11819,0.11663,0.131376,0.092765,0.110208
3940,0.107721,0.110537,0.108648,0.135232,0.109635,0.116659,0.109549,0.111942,0.123836,0.120176,0.097603,0.106488
3950,0.112752,0.124321,0.118244,0.122033,0.108679,0.120129,0.127661,0.106551,0.132946,0.123547,0.103488,0.10496
3960,0.104255,0.110092,0.119105,0.11294,0.112977,0.1368,0.11936,0.123794,0.132471,0.133961,0.098083,0.109029
3970,0.093696,0.10563,0.119323,0.109624,0.09551,0.134068,0.117849,0.124572,0.115359,0.126334,0.11347,0.096837
3980,0.100649,0.109806,0.114942,0.134134,0.119057,0.121812,0.11639,0.113345,0.1195,0.128722,0.110086,0.104083
3990,0.096487,0.10229,0.118965,0.116491,0.118349,0.127603,0.100671,0.112528,0.109961,0.124371,0.104842,0.116637
4000,0.096313,0.109452,0.131897,0.123129,0.111708,0.132726,0.115919,0.10432,0.115252,0.125651,0.107316,0.112119
4010,0.097502,0.1338,0.136227,0.138055,0.102724,0.132148,0.102838,0.09873,0.116934,0.129469,0.114191,0.104929
4020,0.090513,0.107051,0.125105,0.133053,0.105122,0.117122,0.107123,0.117453,0.116851,0.12265,0.099326,0.120259
4030,0.103752,0.113314,0.125708,0.126147,0.112514,0.122656,0.106647,0.12155,0.110054,0.12111,0.096372,0.111506
4040,0.092027,0.101781,0.128682,0.120682,0.107067,0.129975,0.11655,0.141047,0.134058,0.120841,0.099146,0.121808
4050,0.096164,0.099819,0.120413,0.122881,0.112379,0.127822,0.109982,0.123094,0.110722,0.129886,0.110351,0.11215
4060,0.104865,0.109376,0.132498,0.134783,0.121847,0.118066,0.110371,0.134048,0.122655,0.131736,0.111804,0.097222
4070,0.088556,0.109524,0.126328,0.131578,0.12584,0.127244,0.104415,0.136333,0.132608,0.149155,0.104678,0.111591
4080,0.115802,0.112663,0.13242,0.130068,0.102206,0.124386,0.112207,0.120236,0.120899,0.115662,0.107336,0.103639
4090,0.11112,0.106578,0.11166,0.116314,0.107442,0.129648,0.105775,0.126124,0.127775,0.131982,0.105778,0.107718
4100,0.102185,0.121756,0.133162,0.122333,0.110065,0.140393,0.11872,0.125043,0.118356,0.126887,0.110055,0.10913
4110,0.095873,0.093134,0.116459,0.137345,0.113882,0.126307,0.126397,0.119763,0.129548,0.120786,0.111244,0.109888
4120,0.110237,0.121109,0.13607,0.152795,0.096211,0.11906,0.116521,0.134887,0.127059,0.147466,0.098536,0.123442
4130,0.11103,0.112314,0.123351,0.129056,0.111931,0.124018,0.122504,0.127993,0.113197,0.133267,0.117206,0.11194
4140,0.118775,0.107445,0.117644,0.117313,0.110925,0.120109,0.11662,0.124572,0.119388,0.130894,0.096424,0.112799
4150,0.110592,0.129465,0.123904,0.122566,0.133302,0.12416,0.109235,0.129035,0.133174,0.144206,0.100342,0.111166
4160,0.111393,0.126973,0.118614,0.128517,0.109374,0.127485,0.107923,0.120216,0.130789,0.133488,0.100094,0.12144
4170,0.129544,0.118849,0.131849,0.131054,0.123068,0.129135,0.114872,0.14047,0.134288,0.118756,0.109105,0.108672
4180,0.129402,0.112868,0.124745,0.133468,0.111619,0.135793,0.107601,0.125507,0.129369,0.140364,0.121518,0.105672
4190,0.11445,0.116701,0.131417,0.135361,0.10735,0.136088,0.109293,0.133026,0.122555,0.1272,0.128529,0.134371
4200,0.107646,0.132478,0.127508,0.136349,0.115416,0.133621,0.109186,0.119103,0.129834,0.12828,0.112648,0.123907
4210,0.105626,0.109793,0.11974,0.126594,0.129371,0.128462,0.118916,0.135026,0.137846,0.129561,0.115052,0.118044
4220,0.124415,0.116048,0.123468,0.138186,0.122474,0.120198,0.1197,0.131195,0.112389,0.148251,0.113929,0.115523
4230,0.105654,0.131778,0.126665,0.143316,0.113136,0.122221,0.110214,0.136334,0.116339,0.141907,0.123998,0.11643
4240,0.106858,0.121381,0.122997,0.136723,0.11676,0.127205,0.118928,0.14337,0.134056,0.137715,0.117122,0.143777
4250,0.108281,0.117084,0.119567,0.137246,0.127522,0.135765,0.113086,0.143285,0.123611,0.138097,0.109355,0.11989
4260,0.118352,0.116255,0.123001,0.129674,0.125727,0.13147,0.117519,0.117502,0.119578,0.144709,0.116578,0.131269
4270,0.107911,0.135919,0.111307,0.134794,0.11998,0.119677,0.122085,0.110626,0.140941,0.140912,0.109528,0.134079
4280,0.124663,0.123367,0.113741,0.13048,0.113518,0.116198,0.118509,0.133978,0.136126,0.122015,0.099966,0.128765
4290,0.12066,0.118515,0.119976,0.140639,0.123681,0.136244,0.125211,0.139608,0.115844,0.135477,0.124073,0.112413
4300,0.120345,0.116244,0.116497,0.138483,0.126599,0.110114,0.124969,0.15868,0.117399,0.138979,0.115352,0.114263
4310,0.135838,0.131479,0.118167,0.132134,0.123976,0.123411,0.121739,0.131956,0.129814,0.139502,0.108629,0.131966
4320,0.115227,0.121708,0.12321,0.122136,0.108153,0.134645,0.131045,0.142707,0.141025,0.139861,0.087279,0.126342
4330,0.118591,0.123229,0.11572,0.160448,0.104891,0.131324,0.122224,0.125079,0.129955,0.143679,0.104543,0.124005
4340,0.117178,0.129867,0.110755,0.128277,0.112538,0.124132,0.131199,0.15579,0.132184,0.145857,0.118712,0.129516
4350,0.116982,0.134717,0.118008,0.149115,0.119862,0.128484,0.120779,0.136722,0.135133,0.13588,0.10371,0.136736
4360,0.123569,0.125457,0.122528,0.146797,0.11906,0.137986,0.121841,0.130853,0.139069,0.136824,0.112445,0.110905
4370,0.111378,0.133204,0.120805,0.143295,0.106794,0.121256,0.120939,0.140015,0.149803,0.144075,0.099995,0.12246
4380,0.124656,0.139143,0.127379,0.166697,0.118838,0.128741,0.118633,0.139232,0.119671,0.142248,0.118719,0.104889
4390,0.129185,0.129534,0.126264,0.144597,0.111802,0.129089,0.130095,0.134616,0.123334,0.13731,0.118613,0.125388
4400,0.119302,0.124245,0.129853,0.160178,0.123527,0.12843,0.113546,0.12695,0.147428,0.126071,0.129723,0.117937
4410,0.094763,0.130672,0.12845,0.152987,0.116882,0.129433,0.13364,0.129873,0.130169,0.14009,0.120768,0.129587
4420,0.107135,0.129561,0.11799,0.137353,0.118435,0.13735,0.11836,0.14799,0.131082,0.136662,0.111614,0.146047
4430,0.123192,0.122505,0.125597,0.146849,0.130276,0.138309,0.135351,0.140338,0.12569,0.127169,0.123669,0.132645
4440,0.118981,0.121335,0.130096,0.152968,0.137834,0.141107,0.112714,0.14134,0.140608,0.142732,0.105555,0.145804
4450,0.10113,0.138263,0.118326,0.137224,0.119341,0.14359,0.116814,0.136812,0.127504,0.147123,0.108189,0.133366
4460,0.120727,0.12481,0.133447,0.149668,0.124471,0.136521,0.124501,0.148661,0.150248,0.149274,0.116307,0.124766
4470,0.115023,0.142517,0.125795,0.15255,0.12701,0.136492,0.113689,0.145934,0.143487,0.141633,0.109702,0.127784
4480,0.128852,0.129094,0.12166,0.152895,0.122296,0.133024,0.126457,0.155426,0.154073,0.128211,0.094394,0.137393
4490,0.112613,0.123828,0.129843,0.155339,0.130263,0.117527,0.118616,0.123543,0.153691,0.159986,0.126766,0.112357
4500,0.110734,0.14656,0.125196,0.164241,0.123214,0.141178,0.131918,0.144597,0.134446,0.139518,0.110515,0.131877
4510,0.124932,0.137471,0.114053,0.137185,0.117775,0.134316,0.137056,0.140975,0.152679,0.144576,0.114435,0.117606
4520,0.123455,0.158457,0.127639,0.151939,0.125831,0.133309,0.123306,0.12719,0.136325,0.145645,0.115576,0.13142
4530,0.119908,0.147449,0.118174,0.145883,0.124996,0.12668,0.124149,0.135201,0.135342,0.15151,0.125466,0.121019
4540,0.11818,0.147792,0.132474,0.145564,0.1338,0.132128,0.136877,0.143453,0.143296,0.152148,0.104448,0.121152
4550,0.122778,0.150167,0.13282,0.148242,0.122831,0.147836,0.125477,0.118168,0.158944,0.152,0.109276,0.126891
4560,0.126246,0.136183,0.12473,0.148557,0.125047,0.128806,0.128559,0.139944,0.144936,0.169227,0.121546,0.135617
4570,0.104379,0.154352,0.129084,0.142642,0.13482,0.142459,0.127943,0.136017,0.143028,0.154402,0.118583,0.139679
4580,0.114118,0.147875,0.126244,0.171908,0.12892,0.142162,0.117609,0.115823,0.156677,0.135781,0.116802,0.13861
4590,0.119584,0.141096,0.122984,0.163168,0.11807,0.14515,0.11796,0.126229,0.151288,0.136953,0.128216,0.12795
4600,0.109041,0.14198,0.129089,0.15928,0.135319,0.138929,0.114533,0.120198,0.160256,0.154246,0.12517,0.141053
4610,0.121958,0.148006,0.127324,0.156329,0.123221,0.140173,0.111372,0.124002,0.146232,0.154773,0.109985,0.139135
4620,0.109277,0.146177,0.130098,0.160088,0.122918,0.151654,0.121651,0.131387,0.138763,0.139695,0.115662,0.139373
4630,0.104796,0.137592,0.127903,0.168312,0.150835,0.141616,0.115516,0.143924,0.149773,0.153679,0.117472,0.146479
4640,0.117577,0.147865,0.143262,0.162117,0.138583,0.160716,0.124211,0.157179,0.149673,0.160548,0.124742,0.135947
4650,0.117467,0.132727,0.135543,0.166688,0.117807,0.150436,0.117823,0.135817,0.152095,0.148827,0.121569,0.148145
4660,0.142992,0.133328,0.13874,0.169116,0.112672,0.156849,0.114316,0.160278,0.154033,0.153592,0.12228,0.145422
4670,0.121408,0.131587,0.127911,0.142021,0.127349,0.129838,0.114748,0.133959,0.156732,0.151604,0.113881,0.137717
4680,0.123968,0.144477,0.12695,0.159689,0.128935,0.128736,0.117555,0.138625,0.15618,0.155262,0.109384,0.147761
4690,0.126955,0.132832,0.132528,0.154082,0.117641,0.1406,0.129691,0.156562,0.158205,0.14626,0.116269,0.147983
4700,0.129523,0.143605,0.138593,0.146395,0.135234,0.128713,0.124233,0.138198,0.147532,0.149913,0.124984,0.123362
4710,0.137487,0.148941,0.133139,0.147466,0.12536,0.142355,0.137787,0.131494,0.167094,0.16929,0.113394,0.143029
4720,0.121961,0.154555,0.117688,0.143318,0.130764,0.146128,0.129786,0.138368,0.154598,0.165279,0.120654,0.143085
4730,0.135481,0.14435,0.134097,0.142551,0.120085,0.136345,0.116664,0.139513,0.152352,0.165757,0.12199,0.1458
4740,0.125154,0.144526,0.130802,0.151229,0.114001,0.14187,0.120294,0.141639,0.172605,0.170228,0.132361,0.132935
4750,0.118003,0.142216,0.12325,0.156006,0.120791,0.146031,0.128333,0.123067,0.166661,0.163005,0.116986,0.144836
4760,0.123129,0.1472,0.119206,0.161154,0.118382,0.145468,0.126046,0.146382,0.144532,0.17698,0.119445,0.132786
4770,0.125925,0.152911,0.135142,0.154138,0.129372,0.135146,0.120567,0.134837,0.159287,0.180573,0.129365,0.131246
4780,0.139602,0.140917,0.134409,0.16278,0.131837,0.13055,0.116341,0.139228,0.159401,0.167249,0.138428,0.140796
4790,0.139294,0.144684,0.130939,0.155053,0.123469,0.146146,0.119043,0.134711,0.148653,0.145039,0.124741,0.143739
4800,0.116316,0.145414,0.129792,0.154066,0.14389,0.153278,0.111139,0.140559,0.153785,0.162527,0.128766,0.149208
4810,0.120797,0.147294,0.135376,0.163388,0.134965,0.142109,0.121929,0.151151,0.144734,0.179966,0.149568,0.165795
4820,0.133936,0.149322,0.138056,0.160229,0.133249,0.131845,0.109116,0.147416,0.146502,0.162114,0.161944,0.148893
4830,0.133409,0.142696,0.138761,0.154851,0.144519,0.148104,0.107757,0.149736,0.144299,0.161032,0.13826,0.166154
4840,0.123397,0.155102,0.117666,0.145954,0.13131,0.127412,0.112205,0.140612,0.148499,0.163706,0.130971,0.161355
4850,0.139012,0.137825,0.133581,0.165593,0.165465,0.144495,0.115327,0.149023,0.160003,0.161479,0.148716,0.14847
4860,0.127603,0.1467,0.137734,0.156854,0.129851,0.149334,0.108411,0.141528,0.158645,0.156206,0.138581,0.156727
4870,0.132568,0.150452,0.143174,0.150991,0.14369,0.145514,0.111258,0.141728,0.151428,0.164798,0.139154,0.158015
4880,0.138813,0.148541,0.126099,0.150628,0.13716,0.145685,0.122801,0.142845,0.150955,0.153715,0.129327,0.159482
4890,0.144386,0.139031,0.13911,0.171377,0.136996,0.146785,0.138137,0.14109,0.154408,0.178204,0.132156,0.168019
4900,0.136347,0.153637,0.125206,0.143755,0.136334,0.138043,0.128871,0.120187,0.166296,0.163233,0.133349,0.152961
4910,0.146169,0.148005,0.136506,0.147906,0.142327,0.137052,0.123793,0.155122,0.150067,0.171041,0.146961,0.158998
4920,0.136144,0.150841,0.129132,0.154909,0.151431,0.148054,0.125595,0.148296,0.152464,0.159894,0.136247,0.156319
4930,0.158536,0.163334,0.121101,0.163443,0.147817,0.126992,0.135659,0.141518,0.164185,0.167545,0.143224,0.159693
4940,0.15717,0.157386,0.116576,0.167513,0.142144,0.135118,0.128184,0.122142,0.158723,0.176771,0.153191,0.160883
4950,0.143029,0.151875,0.125064,0.153837,0.132988,0.141032,0.135497,0.152134,0.157111,0.171554,0.139096,0.171958
4960,0.161175,0.159913,0.124729,0.158871,0.166004,0.120158,0.131801,0.151223,0.163657,0.1743,0.118744,0.181183
4970,0.147628,0.163976,0.128538,0.149254,0.164753,0.148467,0.135714,0.139865,0.148763,0.168424,0.133958,0.162345
4980,0.145446,0.158382,0.13559,0.136565,0.153179,0.136806,0.11877,0.137389,0.151646,0.151236,0.141499,0.173251
4990,0.142888,0.178571,0.135069,0.176061,0.139525,0.141845,0.124064,0.148834,0.142148,0.166224,0.138998,0.162718
5000,0.138013,0.152955,0.129725,0.144062,0.149985,0.137787,0.118173,0.158341,0.149132,0.19125,0.145072,0.155247
5010,0.135864,0.155457,0.131248,0.156691,0.147113,0.134082,0.126419,0.144702,0.147007,0.164691,0.161607,0.163478
5020,0.144978,0.161089,0.11951,0.181552,0.150495,0.14345,0.117204,0.150858,0.146496,0.164477,0.143547,0.161736
5030,0.155128,0.155664,0.138476,0.147584,0.153313,0.141126,0.121994,0.151036,0.156891,0.157374,0.139778,0.162626
5040,0.153683,0.15814,0.132975,0.169571,0.154802,0.132023,0.129088,0.15512,0.144014,0.156626,0.14822,0.16012
5050,0.1489,0.154551,0.132373,0.164771,0.150179,0.13942,0.127608,0.163718,0.152009,0.161615,0.152267,0.163164
5060,0.158674,0.161382,0.128152,0.148318,0.160176,0.155203,0.125239,0.160852,0.148083,0.156754,0.151535,0.170816
5070,0.151517,0.16014,0.140659,0.174471,0.146339,0.143299,0.14787,0.146918,0.162765,0.1752,0.141994,0.168374
5080,0.157308,0.174071,0.110122,0.160016,0.161737,0.127771,0.14045,0.156015,0.16799,0.167057,0.147785,0.164509
5090,0.142976,0.165636,0.129684,0.164922,0.152325,0.151565,0.139057,0.164782,0.161995,0.165424,0.141004,0.155832
5100,0.150099,0.173416,0.141735,0.171453,0.148604,0.146595,0.122155,0.154925,0.16446,0.169467,0.151117,0.155229
5110,0.16029,0.170343,0.12314,0.186859,0.163357,0.12656,0.138113,0.151652,0.168163,0.153693,0.138674,0.169442
5120,0.157166,0.171826,0.121771,0.162803,0.162127,0.121395,0.147048,0.159646,0.160573,0.15207,0.147758,0.156651
5130,0.143679,0.15793,0.129383,0.159929,0.140623,0.14416,0.133866,0.150583,0.167282,0.17674,0.146046,0.15637
5140,0.162255,0.165172,0.117796,0.16591,0.16254,0.147148,0.145074,0.139032,0.154934,0.171118,0.138083,0.16137
5150,0.15496,0.183478,0.125002,0.166692,0.148513,0.144484,0.136118,0.147707,0.158449,0.164117,0.148183,0.161222
5160,0.148962,0.185286,0.130554,0.169769,0.14305,0.152183,0.134292,0.158603,0.176297,0.156089,0.147597,0.171884
5170,0.160074,0.182684,0.142036,0.188927,0.16484,0.139123,0.139236,0.141191,0.169693,0.161735,0.154521,0.168633
5180,0.155696,0.179948,0.134902,0.175718,0.157526,0.143952,0.147067,0.142708,0.16436,0.173203,0.148785,0.154573
5190,0.151359,0.178487,0.132625,0.170057,0.154318,0.153205,0.135547,0.144779,0.153393,0.175463,0.166721,0.137636
5200,0.153326,0.167297,0.135107,0.169688,0.167918,0.141248,0.131113,0.154148,0.150273,0.156813,0.137968,0.163954
5210,0.160868,0.185525,0.127449,0.170615,0.153918,0.163793,0.142595,0.141816,0.175787,0.176351,0.157804,0.162122
5220,0.145441,0.184203,0.140192,0.158358,0.176337,0.155497,0.138486,0.142661,0.156732,0.156834,0.126496,0.158213
5230,0.156497,0.155425,0.144491,0.182081,0.167939,0.166397,0.140109,0.151118,0.162477,0.172088,0.132397,0.154917
5240,0.150044,0.173603,0.128277,0.191005,0.155953,0.158003,0.129348,0.160436,0.176892,0.174171,0.150586,0.152275
5250,0.147256,0.176754,0.138132,0.170417,0.164069,0.151174,0.146958,0.164121,0.168888,0.1698,0.146967,0.146695
5260,0.141006,0.169111,0.137764,0.164181,0.169776,0.150582,0.13583,0.153435,0.17157,0.182165,0.144345,0.153328
5270,0.139757,0.175808,0.139798,0.189028,0.17664,0.152671,0.138234,0.170274,0.171653,0.158692,0.141321,0.166772
5280,0.166988,0.179352,0.140149,0.185341,0.167877,0.149716,0.130002,0.141289,0.176538,0.174881,0.145298,0.155151
5290,0.167767,0.182964,0.132619,0.164855,0.171965,0.149263,0.150711,0.172695,0.169541,0.171891,0.146614,0.152286
5300,0.156139,0.172396,0.144935,0.1812,0.163929,0.150906,0.130804,0.16013,0.177719,0.169721,0.145102,0.18239
5310,0.153102,0.167349,0.145604,0.184919,0.158246,0.146784,0.148987,0.128562,0.191838,0.168253,0.157795,0.172148
5320,0.16082,0.181214,0.140199,0.186252,0.149244,0.141528,0.137523,0.156872,0.183447,0.173768,0.143888,0.145664
5330,0.158126,0.180344,0.139301,0.167796,0.174501,0.15704,0.14513,0.140692,0.174791,0.180476,0.153353,0.171595
5340,0.165544,0.173131,0.132831,0.171027,0.157969,0.139306,0.162535,0.144646,0.174722,0.190087,0.152881,0.172766
5350,0.147785,0.185749,0.130901,0.15414,0.175346,0.14817,0.149481,0.14984,0.18581,0.172903,0.156941,0.16015
5360,0.159036,0.177847,0.146565,0.173201,0.167655,0.149906,0.133278,0.13305,0.175096,0.173893,0.160316,0.162176
5370,0.16934,0.18234,0.150974,0.168677,0.153857,0.147948,0.128476,0.158119,0.179613,0.172272,0.141783,0.15878
5380,0.149929,0.164597,0.160954,0.176961,0.148383,0.17749,0.147935,0.145969,0.163143,0.15555,0.151191,0.191551
5390,0.149549,0.182593,0.149953,0.184736,0.166026,0.159449,0.138536,0.132498,0.175551,0.178005,0.158804,0.185864
5400,0.159501,0.160534,0.148528,0.16929,0.175362,0.167534,0.147541,0.137383,0.167977,0.160183,0.165416,0.17049
5410,0.14538,0.178138,0.148458,0.15536,0.1759,0.153344,0.138236,0.148382,0.182915,0.168609,0.155819,0.159811
5420,0.144359,0.18309,0.151674,0.175439,0.168753,0.157193,0.138112,0.145568,0.164379,0.158398,0.134333,0.182676
5430,0.146759,0.191904,0.157072,0.17722,0.168062,0.162801,0.133444,0.160202,0.171956,0.171029,0.16255,0.184395
5440,0.174187,0.179852,0.149811,0.166496,0.189732,0.161712,0.125667,0.149734,0.16494,0.176854,0.167798,0.177855
5450,0.156867,0.186605,0.1572,0.155873,0.14337,0.182147,0.147355,0.178262,0.166631,0.177247,0.156612,0.17815
5460,0.166058,0.188291,0.156658,0.159139,0.16655,0.170463,0.121554,0.161039,0.175657,0.161155,0.160222,0.18143
5470,0.153388,0.187024,0.15188,0.185802,0.175002,0.169208,0.13997,0.145418,0.16059,0.178002,0.164992,0.174783
5480,0.14809,0.18316,0.145872,0.185198,0.168231,0.154821,0.141716,0.145916,0.19703,0.172075,0.155171,0.166409
5490,0.172648,0.185965,0.147463,0.158858,0.177971,0.164831,0.13316,0.153523,0.185629,0.171532,0.162389,0.180724
5500,0.168076,0.1718,0.15098,0.173399,0.165518,0.16121,0.147588,0.158845,0.1782,0.18154,0.161273,0.177148
5510,0.151971,0.18686,0.154421,0.152953,0.162986,0.162501,0.156527,0.157896,0.16356,0.168522,0.157918,0.180363
5520,0.170101,0.181909,0.153101,0.15638,0.151836,0.160231,0.152708,0.166484,0.164628,0.194088,0.176186,0.173725
5530,0.166599,0.179242,0.144597,0.173909,0.167365,0.15984,0.149522,0.148052,0.177825,0.191995,0.169879,0.174862
5540,0.177898,0.189493,0.155281,0.169559,0.152873,0.15991,0.149537,0.143741,0.167976,0.196443,0.166325,0.177236
5550,0.148735,0.186794,0.148702,0.163317,0.147568,0.136788,0.140461,0.173186,0.171796,0.184324,0.162662,0.203727
5560,0.181064,0.179284,0.160382,0.16886,0.17828,0.181749,0.141884,0.151683,0.166811,0.182033,0.17166,0.181808
5570,0.163354,0.190143,0.150832,0.153551,0.183923,0.155594,0.153042,0.153195,0.167321,0.194671,0.183809,0.186839
5580,0.170687,0.194332,0.153286,0.178981,0.164457,0.155897,0.149068,0.173122,0.168694,0.176298,0.169469,0.17828
5590,0.172887,0.203356,0.15852,0.179252,0.183803,0.148091,0.151998,0.164813,0.170299,0.175229,0.175772,0.170709
5600,0.167277,0.1814,0.156452,0.154396,0.18593,0.153924,0.147658,0.162377,0.181146,0.167357,0.162831,0.17303
5610,0.172265,0.177178,0.15638,0.183902,0.164888,0.15773,0.150096,0.168639,0.157563,0.18979,0.165142,0.17923
5620,0.165298,0.194992,0.144685,0.170655,0.184959,0.157379,0.157155,0.156786,0.152058,0.168814,0.177753,0.188868
5630,0.168292,0.176647,0.156684,0.176698,0.174638,0.15563,0.152355,0.161261,0.163281,0.158303,0.175657,0.185798
5640,0.178408,0.185883,0.147468,0.195453,0.193437,0.164137,0.155595,0.161535,0.171731,0.183545,0.169474,0.193487
5650,0.166112,0.180517,0.161192,0.161894,0.191518,0.165476,0.152586,0.164811,0.180913,0.177825,0.166002,0.165859
5660,0.167407,0.194246,0.151637,0.178547,0.194868,0.156005,0.15568,0.166813,0.147948,0.174633,0.16861,0.203194
5670,0.182988,0.201112,0.141132,0.176106,0.171689,0.160352,0.16669,0.161197,0.162395,0.184243,0.172185,0.193691
5680,0.191093,0.190581,0.159205,0.169214,0.192705,0.1633,0.151556,0.183226,0.175952,0.176575,0.15956,0.184831
5690,0.181159,0.202427,0.153604,0.172864,0.175274,0.161074,0.155532,0.158433,0.166745,0.189064,0.177929,0.205631
5700,0.178085,0.187263,0.156204,0.18124,0.186312,0.165917,0.159017,0.192553,0.166964,0.153635,0.166954,0.184438
5710,0.187519,0.187305,0.144956,0.192541,0.173099,0.163696,0.165529,0.185029,0.174137,0.195851,0.155926,0.177926
5720,0.177362,0.189249,0.149393,0.172103,0.193241,0.171783,0.167925,0.169309,0.182105,0.174409,0.176635,0.188716
5730,0.183549,0.187201,0.15152,0.185249,0.193279,0.143066,0.168919,0.163405,0.168262,0.180089,0.168036,0.188092
5740,0.193111,0.19691,0.146711,0.175215,0.181135,0.168636,0.164547,0.174154,0.161081,0.183103,0.172715,0.172294
5750,0.173948,0.194766,0.144463,0.174167,0.185324,0.149337,0.168106,0.173914,0.155862,0.180952,0.169384,0.166707
5760,0.192108,0.196291,0.159499,0.170023,0.18635,0.151705,0.176557,0.170629,0.169592,0.19316,0.178439,0.166168
5770,0.186063,0.197907,0.152515,0.180771,0.207232,0.177513,0.160533,0.187669,0.170854,0.201019,0.176488,0.169501
5780,0.187412,0.198493,0.165719,0.200099,0.180306,0.166935,0.156542,0.173142,0.176192,0.180783,0.166056,0.180281
5790,0.182462,0.207265,0.15855,0.21092,0.168073,0.158393,0.180408,0.193364,0.176065,0.17647,0.173557,0.189428
5800,0.180225,0.184846,0.156917,0.19556,0.184886,0.163535,0.159733,0.168198,0.165243,0.200188,0.174491,0.190553
5810,0.175835,0.198807,0.160094,0.188091,0.187965,0.173405,0.166217,0.185546,0.17562,0.179803,0.168489,0.167723
5820,0.16782,0.192359,0.154972,0.174383,0.174731,0.186391,0.187297,0.182782,0.187002,0.191267,0.16797,0.176913
5830,0.181913,0.195343,0.154281,0.18391,0.204785,0.164057,0.170171,0.192691,0.166912,0.197618,0.165371,0.183382
5840,0.182224,0.182156,0.150159,0.182858,0.193758,0.175508,0.166755,0.198059,0.16561,0.152604,0.176798,0.18489
5850,0.174582,0.209381,0.166828,0.209215,0.200651,0.170271,0.161275,0.197314,0.184039,0.178097,0.162743,0.179165
5860,0.163143,0.183147,0.170307,0.196784,0.182484,0.162362,0.171528,0.16991,0.172317,0.187767,0.172629,0.18973
5870,0.17943,0.186791,0.168343,0.201827,0.192041,0.173343,0.17302,0.183227,0.167844,0.16986,0.158515,0.172917
5880,0.192609,0.195979,0.155998,0.192422,0.190584,0.184755,0.18125,0.173059,0.169101,0.186801,0.179127,0.19377
5890,0.176284,0.194261,0.156962,0.184571,0.208496,0.171045,0.185068,0.178655,0.186557,0.177674,0.155116,0.186248
5900,0.166333,0.217217,0.159019,0.192256,0.170068,0.168806,0.175361,0.181423,0.179575,0.184018,0.159271,0.182614
5910,0.169582,0.196541,0.160914,0.164994,0.185745,0.17263,0.184611,0.174721,0.173207,0.181967,0.164573,0.173397
5920,0.178783,0.210479,0.161876,0.200437,0.188494,0.164826,0.170559,0.184291,0.182147,0.193821,0.158052,0.18238
5930,0.173836,0.192519,0.177809,0.184373,0.180114,0.156108,0.161645,0.178961,0.194638,0.196543,0.160947,0.187538
5940,0.172493,0.197303,0.162484,0.204149,0.194747,0.184453,0.170037,0.182107,0.180973,0.186781,0.181477,0.162782
5950,0.177876,0.202138,0.176448,0.194416,0.182427,0.180885,0.184218,0.183604,0.185257,0.190551,0.174224,0.176401
5960,0.171038,0.207457,0.160217,0.208591,0.181765,0.173851,0.181934,0.183276,0.179243,0.194267,0.152877,0.173106
5970,0.191031,0.202354,0.166532,0.195139,0.192233,0.178942,0.181422,0.189513,0.180291,0.188007,0.169591,0.186295
5980,0.178522,0.202675,0.158752,0.190043,0.178342,0.189601,0.174689,0.184417,0.181248,0.201517,0.180857,0.177894
5990,0.173659,0.207175,0.171657,0.204838,0.192313,0.199895,0.176743,0.186967,0.178448,0.192765,0.180505,0.16285
6000,0.170635,0.218764,0.166177,0.212539,0.195321,0.184057,0.178253,0.167694,0.196699,0.193272,0.178501,0.193523
6010,0.169314,0.190733,0.17151,0.198094,0.187366,0.189423,0.166122,0.173481,0.177302,0.188053,0.169213,0.182089
6020,0.171588,0.199347,0.180092,0.193895,0.196471,0.19803,0.181001,0.185183,0.186289,0.203312,0.172443,0.197209
6030,0.177815,0.20598,0.162734,0.217045,0.191109,0.196844,0.174961,0.169975,0.189593,0.193433,0.156446,0.176543
6040,0.176445,0.2015,0.17984,0.207382,0.190561,0.183139,0.187272,0.188722,0.183727,0.19493,0.164796,0.171209
6050,0.175018,0.201386,0.188508,0.194325,0.183127,0.179962,0.178555,0.178015,0.191281,0.194951,0.170439,0.186619
6060,0.17993,0.208658,0.189026,0.184267,0.192245,0.188372,0.181432,0.181605,0.183237,0.181912,0.171731,0.17127
6070,0.173306,0.19576,0.185347,0.224994,0.208433,0.185172,0.174696,0.184031,0.188378,0.192244,0.174691,0.169609
6080,0.180294,0.188727,0.182895,0.180452,0.204106,0.184703,0.171788,0.204239,0.204377,0.204905,0.171264,0.169744
6090,0.166162,0.214292,0.175451,0.20649,0.185375,0.196658,0.184306,0.186996,0.177559,0.198166,0.174272,0.169616
6100,0.180065,0.201798,0.187249,0.203536,0.16887,0.192845,0.167145,0.202687,0.191401,0.20533,0.189316,0.180043
6110,0.187325,0.198519,0.173546,0.217365,0.205478,0.178244,0.184635,0.188159,0.209589,0.220989,0.170937,0.19204
6120,0.180625,0.207018,0.18869,0.191604,0.186435,0.197895,0.179561,0.182374,0.205428,0.193284,0.169574,0.185536
6130,0.179772,0.210533,0.181162,0.202848,0.182877,0.200281,0.177647,0.18076,0.193692,0.215261,0.169282,0.175945
6140,0.170583,0.183692,0.18045,0.208466,0.175378,0.198069,0.182705,0.18816,0.192174,0.202456,0.184853,0.19025
6150,0.188857,0.202159,0.187059,0.195855,0.174738,0.205927,0.19817,0.195175,0.207276,0.203686,0.170431,0.208919
6160,0.175822,0.189699,0.19117,0.19744,0.199065,0.185844,0.182392,0.194069,0.192447,0.220027,0.175609,0.193816
6170,0.199412,0.197009,0.180917,0.194465,0.1902,0.192766,0.18532,0.180766,0.186211,0.216619,0.185091,0.201421
6180,0.169722,0.219494,0.173527,0.223265,0.212284,0.185093,0.182816,0.196388,0.197767,0.2197,0.182531,0.202847
6190,0.183942,0.203274,0.196278,0.212588,0.1926,0.188799,0.16679,0.173649,0.195353,0.198719,0.184161,0.19674
6200,0.179452,0.214437,0.19395,0.19713,0.198999,0.189799,0.165069,0.188935,0.194959,0.204894,0.171933,0.209313
6210,0.170994,0.188549,0.167716,0.200738,0.181522,0.204857,0.163801,0.197841,0.200206,0.201789,0.180428,0.207371
6220,0.182447,0.201749,0.213426,0.217992,0.197751,0.198683,0.175939,0.200743,0.20923,0.19535,0.185836,0.194371
6230,0.192585,0.209706,0.202963,0.208869,0.194031,0.22217,0.177884,0.197634,0.184813,0.206566,0.182809,0.190558
6240,0.167824,0.214743,0.192879,0.213799,0.203555,0.183436,0.178365,0.214432,0.198988,0.205826,0.183961,0.19939
6250,0.186365,0.199398,0.187999,0.206899,0.199476,0.205739,0.179474,0.193116,0.210398,0.199843,0.181214,0.191388
6260,0.184557,0.203673,0.182982,0.205213,0.205007,0.203677,0.163606,0.202231,0.191015,0.191663,0.178258,0.198004
6270,0.186445,0.203635,0.185634,0.207918,0.204144,0.211682,0.165637,0.206275,0.208199,0.223625,0.18724,0.204424
6280,0.195644,0.200713,0.193534,0.216004,0.196875,0.19774,0.178398,0.217831,0.196399,0.225729,0.17151,0.192303
6290,0.188786,0.206034,0.177005,0.215825,0.22335,0.19193,0.174188,0.207377,0.196316,0.219192,0.185364,0.200453
6300,0.182613,0.202737,0.183963,0.211407,0.194905,0.182922,0.188608,0.197271,0.209847,0.201472,0.16488,0.199716
6310,0.180455,0.201144,0.19039,0.199453,0.191196,0.196601,0.195139,0.214399,0.185359,0.230741,0.175151,0.174136
6320,0.190041,0.203763,0.187023,0.224387,0.201613,0.189863,0.197289,0.223368,0.226987,0.197925,0.185967,0.205209
6330,0.196351,0.220492,0.186779,0.231032,0.209074,0.189545,0.190042,0.188367,0.187023,0.222016,0.178059,0.216349
6340,0.185856,0.215555,0.194853,0.188535,0.18731,0.202358,0.188544,0.204135,0.205605,0.211073,0.17735,0.213412
6350,0.18536,0.198534,0.184469,0.205981,0.191865,0.19068,0.184194,0.226125,0.199458,0.236163,0.174995,0.186663
6360,0.205292,0.191854,0.195647,0.193908,0.170466,0.213101,0.183663,0.203833,0.195697,0.218035,0.185287,0.207011
6370,0.177793,0.220079,0.195704,0.228836,0.199651,0.191316,0.189575,0.210078,0.203924,0.208683,0.182269,0.193839
6380,0.206068,0.195941,0.187832,0.235979,0.186259,0.215781,0.176896,0.205187,0.210226,0.20179,0.182933,0.214645
6390,0.187109,0.212225,0.191041,0.192475,0.195008,0.198675,0.192987,0.203225,0.200909,0.212794,0.176834,0.191227
6400,0.190007,0.220224,0.181873,0.212094,0.196955,0.203613,0.203574,0.204045,0.205726,0.204485,0.18579,0.197138
6410,0.183364,0.209993,0.179465,0.227739,0.207473,0.213936,0.19915,0.231006,0.199206,0.22989,0.191262,0.214661
6420,0.189017,0.206101,0.182891,0.215082,0.205017,0.187095,0.179292,0.2104,0.198565,0.206348,0.191668,0.218652
6430,0.179975,0.218669,0.207538,0.239139,0.207326,0.194889,0.194047,0.204697,0.209497,0.227718,0.17139,0.222858
6440,0.198232,0.223414,0.198121,0.215419,0.199397,0.191722,0.193003,0.222579,0.20484,0.224127,0.192724,0.19604
6450,0.197999,0.221649,0.180086,0.242152,0.199144,0.197553,0.185865,0.224079,0.203697,0.224417,0.184738,0.216712
6460,0.18977,0.196579,0.181005,0.214862,0.203741,0.210205,0.179403,0.225912,0.200002,0.22324,0.178214,0.216214
6470,0.202037,0.211524,0.202205,0.223087,0.218418,0.199662,0.183568,0.185222,0.224446,0.219268,0.186372,0.196742
6480,0.198581,0.215531,0.192754,0.241098,0.201341,0.217571,0.198342,0.206564,0.198397,0.219762,0.188311,0.205054
6490,0.188668,0.21309,0.197784,0.212265,0.207017,0.192935,0.210085,0.222937,0.203936,0.197579,0.190013,0.202048
6500,0.188394,0.212384,0.183151,0.226298,0.214812,0.213554,0.210115,0.211321,0.218736,0.233984,0.183533,0.200549
6510,0.195908,0.20566,0.186586,0.230511,0.205374,0.211657,0.189453,0.214745,0.217843,0.230493,0.179526,0.194308
6520,0.194211,0.233698,0.192679,0.231224,0.221287,0.191635,0.202069,0.212137,0.208356,0.243832,0.182457,0.202685
6530,0.193479,0.220048,0.187052,0.233049,0.1931,0.197928,0.20094,0.226014,0.210915,0.231631,0.167827,0.189742
6540,0.210086,0.225802,0.194594,0.226364,0.19937,0.213083,0.195365,0.2298,0.21634,0.222921,0.177819,0.205148
6550,0.184203,0.219601,0.1954,0.247234,0.210337,0.208846,0.210269,0.223538,0.211925,0.22753,0.191608,0.198267
6560,0.199606,0.227557,0.199665,0.234741,0.211352,0.206103,0.211109,0.232478,0.223394,0.223251,0.167322,0.195907
6570,0.187371,0.211205,0.192978,0.236349,0.193461,0.214219,0.18858,0.209997,0.239213,0.217294,0.17609,0.209549
6580,0.188876,0.224136,0.202937,0.250318,0.210352,0.213206,0.2033,0.23976,0.201355,0.22675,0.187118,0.197297
6590,0.177887,0.222923,0.189941,0.23996,0.198887,0.205584,0.196202,0.226938,0.218407,0.235814,0.202808,0.204555
6600,0.19687,0.218334,0.192495,0.250577,0.190525,0.215175,0.212422,0.205364,0.214897,0.206074,0.186492,0.191765
6610,0.193164,0.243734,0.202427,0.241259,0.209706,0.20696,0.198631,0.199384,0.226771,0.20796,0.18676,0.205821
6620,0.179898,0.244895,0.186109,0.25585,0.20966,0.218674,0.219319,0.217029,0.200351,0.218893,0.178693,0.210942
6630,0.196526,0.22519,0.199864,0.239299,0.196643,0.214488,0.19882,0.225137,0.22021,0.234641,0.179107,0.217787
6640,0.189268,0.204159,0.213955,0.262294,0.222034,0.22076,0.194837,0.216125,0.244127,0.230654,0.184695,0.214684
6650,0.180925,0.226441,0.200068,0.260658,0.202894,0.232239,0.193509,0.23008,0.231697,0.207292,0.20273,0.236306
6660,0.18462,0.207807,0.199691,0.263665,0.228979,0.240718,0.184145,0.239053,0.226363,0.221364,0.196894,0.198169
6670,0.173818,0.212226,0.212405,0.243124,0.210951,0.214938,0.19761,0.243342,0.219086,0.211693,0.164098,0.183847
6680,0.185159,0.221357,0.191228,0.232302,0.22218,0.221919,0.214109,0.229462,0.231373,0.242075,0.177593,0.194787
6690,0.192633,0.221296,0.196294,0.267273,0.192135,0.224738,0.19364,0.225833,0.215871,0.225149,0.190815,0.193062
6700,0.177654,0.226656,0.196101,0.239378,0.211654,0.226179,0.201041,0.234158,0.222908,0.213069,0.189263,0.181471
6710,0.19053,0.212971,0.206808,0.257906,0.217277,0.208553,0.19458,0.223631,0.240782,0.220771,0.18986,0.201628
6720,0.219161,0.227685,0.20544,0.245601,0.218232,0.235863,0.205955,0.223403,0.228917,0.246394,0.179009,0.212237
6730,0.195656,0.244137,0.205153,0.247595,0.214542,0.213206,0.195559,0.232954,0.238227,0.241868,0.171178,0.223856
6740,0.18947,0.226148,0.197233,0.232599,0.199107,0.219464,0.198953,0.212747,0.224328,0.248653,0.210754,0.212734
6750,0.187835,0.233715,0.224503,0.243781,0.189122,0.2211,0.189086,0.21528,0.233415,0.250115,0.190684,0.228328
6760,0.213151,0.238989,0.217874,0.25072,0.198735,0.236811,0.217636,0.221753,0.245049,0.226247,0.185066,0.214959
6770,0.187187,0.218264,0.203334,0.226411,0.190394,0.227617,0.211841,0.216159,0.216819,0.25587,0.18233,0.21846
6780,0.19222,0.228724,0.209232,0.240476,0.204516,0.230695,0.195533,0.241312,0.231679,0.249246,0.194111,0.192017
6790,0.182665,0.221667,0.217379,0.260502,0.184287,0.245206,0.184361,0.248687,0.244182,0.253229,0.199031,0.231296
6800,0.184779,0.232109,0.204057,0.259165,0.213398,0.251259,0.182373,0.221284,0.242617,0.253474,0.205705,0.217718
6810,0.192331,0.225724,0.214087,0.25484,0.194622,0.247142,0.195946,0.208877,0.24369,0.252451,0.200293,0.219491
6820,0.206581,0.218903,0.218655,0.27251,0.210457,0.243591,0.205583,0.226585,0.243769,0.240496,0.210355,0.238629
6830,0.215835,0.21664,0.20343,0.257861,0.222367,0.232686,0.201269,0.223892,0.232014,0.255871,0.187815,0.244336
6840,0.202368,0.240976,0.222703,0.269992,0.205394,0.231038,0.201087,0.231327,0.219388,0.240863,0.180524,0.231262
6850,0.205938,0.216709,0.218666,0.238806,0.211028,0.220855,0.183818,0.248744,0.264602,0.253737,0.20513,0.232618
6860,0.195211,0.234288,0.21568,0.262344,0.223501,0.225562,0.1917,0.249862,0.239855,0.252356,0.188451,0.230423
6870,0.202599,0.239015,0.223658,0.269848,0.231351,0.243934,0.205863,0.248088,0.227998,0.249553,0.184512,0.219229
6880,0.21274,0.222489,0.208956,0.232361,0.237291,0.232545,0.205134,0.240096,0.249974,0.262056,0.186863,0.241279
6890,0.215196,0.230794,0.213073,0.254238,0.22871,0.226225,0.204416,0.202389,0.23174,0.270289,0.208361,0.236412
6900,0.195802,0.231379,0.21297,0.252695,0.20652,0.239267,0.202595,0.245321,0.241308,0.277383,0.206126,0.228789
6910,0.200987,0.204142,0.201037,0.255962,0.202309,0.224133,0.213798,0.228635,0.230081,0.277919,0.197426,0.224401
6920,0.19934,0.230438,0.203752,0.274421,0.216486,0.218351,0.201184,0.238799,0.245728,0.253377,0.188502,0.246363
6930,0.214596,0.229322,0.205357,0.263195,0.204924,0.223844,0.197332,0.216723,0.253962,0.258733,0.184665,0.220446
6940,0.211629,0.240896,0.207423,0.248518,0.235714,0.223595,0.20723,0.21967,0.239823,0.255618,0.205314,0.246518
6950,0.215846,0.230414,0.215458,0.246485,0.211623,0.23771,0.179575,0.240654,0.244009,0.256595,0.191565,0.250739
6960,0.208929,0.227777,0.214545,0.272542,0.221611,0.236707,0.21672,0.240237,0.242135,0.25044,0.194134,0.233207
6970,0.219557,0.238602,0.218797,0.25383,0.219375,0.221259,0.20312,0.223341,0.234096,0.258997,0.20726,0.244319
6980,0.208124,0.240645,0.216144,0.268742,0.219607,0.231031,0.203829,0.241097,0.251633,0.248363,0.20601,0.227636
6990,0.21747,0.236057,0.216998,0.260802,0.235781,0.222616,0.19459,0.222514,0.258594,0.262288,0.203623,0.249922
7000,0.210656,0.25393,0.232374,0.246782,0.221286,0.242421,0.186136,0.24994,0.252986,0.260945,0.22273,0.240001
