unit,split
IRCLT-0533,train
IRCLT-0410,train
IRCLT-0077,train
IRCLT-0079,train
IRCLT-0303,train
IRCLT-0715,train
IRCLT-0011,train
IRCLT-0252,train
IRCLT-0564,train
IRCLT-0087,train
IRCLT-0071,train
IRCLT-0614,train
IRCLT-0635,train
IRCLT-0331,train
IRCLT-0056,train
IRCLT-0523,train
IRCLT-0031,train
IRCLT-0401,train
IRCLT-0230,train
IRCLT-0714,train
IRCLT-0003,train
IRCLT-0305,train
IRVIS-0001,train
IRCLT-0325,train
IRCLT-0313,train
IRCLT-0258,train
IRCLT-0440,train
IRCLT-0381,train
IRCLT-0698,train
IRCLT-0562,train
IRCLT-0073,train
IRCLT-0452,train
IRCLT-0567,train
IRCLT-0640,train
IRCLT-0332,train
IRCLT-0696,train
IRCLT-0717,train
IRCLT-0483,train
IRCLT-0365,train
IRCLT-0422,train
IRCLT-0690,train
IRCLT-0588,train
IRCLT-0030,train
IRCLT-0695,train
IRCLT-0648,train
IRCLT-0025,train
IRCLT-0329,train
IRCLT-0082,train
IRCLT-0509,train
IRCLT-0517,train
IRCLT-0660,train
IRCLT-0297,train
IRCLT-0662,train
IRCLT-0685,train
IRCLT-0496,train
IRCLT-0482,train
IRCLT-0279,train
IRCLT-0380,train
IRCLT-0359,train
IRCLT-0266,train
IRCLT-0637,train
IRCLT-0317,train
IRCLT-0078,train
IRCLT-0064,train
IRCLT-0286,train
IRCLT-0661,train
IRCLT-0231,train
IRCLT-0686,train
IRCLT-0616,train
IRCLT-0083,train
IRCLT-0398,train
IRCLT-0426,train
IRCLT-0007,train
IRCLT-0239,train
IRCLT-0276,train
IRCLT-0352,train
IRCLT-0309,train
IRCLT-0407,train
IRCLT-0225,train
IRCLT-0395,train
IRCLT-0222,train
IRCLT-0584,train
IRCLT-0256,train
IRCLT-0560,train
IRCLT-0488,train
IRCLT-0074,train
IRCLT-0040,train
IRCLT-0437,train
IRCLT-0408,train
IRCLT-0382,train
IRCLT-0298,train
IRCLT-0593,train
IRCLT-0598,train
IRCLT-0061,train
IRCLT-0439,train
IRCLT-0615,train
IRCLT-0402,train
IRCLT-0713,train
IRCLT-0012,train
IRVIS-0003,train
IRCLT-0084,train
IRCLT-0091,train
IRCLT-0330,train
IRCLT-0431,train
IRCLT-0481,train
IRCLT-0080,train
IRCLT-0412,train
IRCLT-0653,train
IRCLT-0411,train
IRCLT-0302,train
IRCLT-0674,train
IRCLT-0368,train
IRCLT-0269,train
IRCLT-0671,train
IRCLT-0284,train
IRCLT-0495,train
IRCLT-0389,train
IRCLT-0370,train
IRCLT-0485,train
IRCLT-0572,train
IRCLT-0585,train
IRCLT-0356,train
IRCLT-0010,train
IRCLT-0348,train
IRCLT-0474,train
IRCLT-0550,train
IRCLT-0253,train
IRCLT-0475,train
IRCLT-0420,train
IRCLT-0712,train
IRCLT-0355,train
IRCLT-0085,train
IRCLT-0316,train
IRCLT-0642,train
IRCLT-0261,train
IRCLT-0578,train
IRCLT-0489,train
IRCLT-0076,train
IRCLT-0093,train
IRCLT-0465,train
IRCLT-0069,train
IRCLT-0016,train
IRCLT-0274,train
IRCLT-0453,train
IRCLT-0089,train
IRCLT-0623,train
IRCLT-0238,train
IRCLT-0664,train
IRCLT-0530,train
IRCLT-0034,train
IRCLT-0001,train
IRCLT-0719,train
IRCLT-0663,train
IRCLT-0555,train
IRCLT-0455,train
IRCLT-0417,train
IRCLT-0366,train
IRCLT-0023,train
IRCLT-0566,train
IRCLT-0237,train
IRCLT-0090,train
IRCLT-0473,train
IRCLT-0333,train
IRCLT-0019,train
IRCLT-0620,train
IRCLT-0443,train
IRCLT-0265,train
IRCLT-0405,train
IRCLT-0396,train
IRCLT-0666,train
IRCLT-0484,train
IRCLT-0462,train
IRCLT-0682,train
IRCLT-0680,train
IRCLT-0525,train
IRCLT-0288,train
IRCLT-0055,train
IRCLT-0554,train
IRCLT-0047,train
IRCLT-0094,train
IRCLT-0386,train
IRCLT-0229,train
IRCLT-0684,train
IRVIS-0006,train
IRCLT-0691,train
IRCLT-0565,train
IRCLT-0425,train
IRCLT-0504,train
IRCLT-0339,train
IRCLT-0519,train
IRCLT-0467,train
IRCLT-0378,train
IRCLT-0665,train
IRCLT-0070,train
IRCLT-0392,train
IRCLT-0528,train
IRCLT-0492,train
IRCLT-0710,train
IRCLT-0320,train
IRCLT-0606,train
IRCLT-0270,train
IRCLT-0245,train
IRCLT-0553,train
IRCLT-0591,train
IRCLT-0306,train
IRCLT-0349,train
IRCLT-0639,train
IRCLT-0369,train
IRCLT-0385,train
IRCLT-0371,train
IRCLT-0708,train
IRCLT-0490,train
IRCLT-0677,train
IRCLT-0702,train
IRCLT-0235,train
IRCLT-0324,train
IRCLT-0262,train
IRCLT-0461,train
IRCLT-0008,train
IRCLT-0646,train
IRCLT-0020,train
IRCLT-0293,train
IRCLT-0577,train
IRCLT-0057,train
IRCLT-0423,train
IRCLT-0459,train
IRCLT-0659,train
IRCLT-0491,train
IRCLT-0433,train
IRCLT-0050,train
IRCLT-0524,train
IRCLT-0026,train
IRCLT-0568,train
IRCLT-0341,train
IRCLT-0470,train
IRCLT-0419,train
IRCLT-0043,train
IRCLT-0541,train
IRCLT-0667,train
IRCLT-0532,train
IRCLT-0399,train
IRCLT-0502,train
IRCLT-0521,train
IRCLT-0536,train
IRCLT-0275,train
IRCLT-0247,train
IRCLT-0432,train
IRCLT-0477,train
IRCLT-0571,train
IRCLT-0295,train
IRCLT-0032,train
IRCLT-0234,train
IRCLT-0024,train
IRCLT-0294,train
IRCLT-0526,train
IRCLT-0067,train
IRCLT-0058,train
IRCLT-0498,train
IRCLT-0343,train
IRCLT-0018,train
IRCLT-0421,train
IRCLT-0376,train
IRCLT-0537,train
IRCLT-0699,train
IRCLT-0311,train
IRCLT-0441,train
IRCLT-0652,train
IRCLT-0393,train
IRCLT-0095,train
IRCLT-0301,train
IRCLT-0454,train
IRCLT-0557,train
IRCLT-0701,train
IRCLT-0006,train
IRCLT-0046,train
IRCLT-0656,train
IRCLT-0638,train
IRCLT-0503,train
IRCLT-0017,train
IRCLT-0049,train
IRCLT-0705,train
IRCLT-0650,train
IRCLT-0004,train
IRCLT-0449,train
IRCLT-0563,train
IRCLT-0486,train
IRCLT-0558,train
IRCLT-0627,train
IRCLT-0346,train
IRCLT-0027,train
IRCLT-0549,train
IRCLT-0384,train
IRCLT-0051,train
IRCLT-0350,train
IRCLT-0038,train
IRCLT-0278,train
IRCLT-0358,train
IRCLT-0700,train
IRCLT-0296,train
IRCLT-0624,train
IRCLT-0471,train
IRCLT-0315,train
IRCLT-0673,train
IRCLT-0704,train
IRCLT-0636,train
IRCLT-0068,train
IRCLT-0442,train
IRCLT-0289,train
IRCLT-0574,train
IRCLT-0283,train
IRCLT-0430,train
IRCLT-0314,train
IRCLT-0273,train
IRCLT-0450,train
IRCLT-0559,train
IRCLT-0611,train
IRCLT-0456,train
IRCLT-0224,train
IRCLT-0515,train
IRCLT-0075,train
IRCLT-0547,train
IRCLT-0703,train
IRCLT-0240,train
IRCLT-0511,train
IRCLT-0707,train
IRCLT-0607,train
IRCLT-0328,train
IRCLT-0457,train
IRCLT-0476,train
IRCLT-0644,train
IRCLT-0529,train
IRCLT-0009,train
IRCLT-0501,train
IRCLT-0037,train
IRCLT-0260,train
IRCLT-0374,train
IRCLT-0424,train
IRCLT-0514,train
IRCLT-0060,train
IRCLT-0232,train
IRCLT-0676,train
IRCLT-0478,train
IRCLT-0383,train
IRCLT-0618,train
IRCLT-0418,train
IRCLT-0271,train
IRCLT-0387,train
IRCLT-0643,train
IRCLT-0655,train
IRCLT-0039,train
IRVIS-0005,train
IRCLT-0428,train
IRCLT-0319,train
IRCLT-0590,train
IRCLT-0544,train
IRCLT-0267,train
IRCLT-0694,train
IRCLT-0657,train
IRCLT-0268,train
IRCLT-0545,train
IRCLT-0469,train
IRCLT-0446,train
IRCLT-0516,train
IRCLT-0244,train
IRCLT-0628,train
IRCLT-0097,train
IRCLT-0264,train
IRCLT-0360,train
IRCLT-0594,train
IRCLT-0098,train
IRCLT-0445,train
IRCLT-0400,train
IRCLT-0414,train
IRCLT-0603,train
IRCLT-0243,train
IRCLT-0304,train
IRCLT-0323,train
IRCLT-0444,train
IRCLT-0367,train
IRCLT-0543,train
IRCLT-0542,train
IRCLT-0604,train
IRCLT-0535,train
IRCLT-0654,train
IRCLT-0599,train
IRCLT-0246,train
IRCLT-0609,train
IRCLT-0689,train
IRCLT-0344,train
IRCLT-0463,train
IRCLT-0054,train
IRCLT-0340,train
IRCLT-0250,train
IRCLT-0668,train
IRCLT-0602,train
IRCLT-0573,train
IRCLT-0670,train
IRCLT-0520,train
IRCLT-0634,train
IRCLT-0583,train
IRCLT-0507,train
IRCLT-0706,train
IRCLT-0415,train
IRCLT-0632,train
IRCLT-0718,train
IRCLT-0540,train
IRCLT-0233,train
IRCLT-0300,train
IRCLT-0546,train
IRCLT-0586,train
IRCLT-0675,train
IRCLT-0494,train
IRCLT-0435,train
IRCLT-0272,train
IRCLT-0617,train
IRCLT-0354,train
IRCLT-0427,train
IRCLT-0552,train
IRCLT-0285,train
IRCLT-0438,train
IRCLT-0257,train
IRCLT-0531,train
IRCLT-0318,train
IRCLT-0601,val
IRCLT-0379,val
IRCLT-0353,val
IRCLT-0236,val
IRCLT-0241,val
IRCLT-0600,val
IRCLT-0497,val
IRCLT-0505,val
IRCLT-0345,val
IRCLT-0693,val
IRCLT-0608,val
IRCLT-0468,val
IRCLT-0248,val
IRCLT-0716,val
IRCLT-0406,val
IRCLT-0678,val
IRCLT-0044,val
IRCLT-0228,val
IRCLT-0630,val
IRCLT-0570,val
IRCLT-0254,val
IRCLT-0561,val
IRCLT-0621,val
IRCLT-0045,val
IRCLT-0290,val
IRCLT-0066,val
IRCLT-0404,val
IRCLT-0086,val
IRCLT-0363,val
IRCLT-0307,val
IRCLT-0447,val
IRCLT-0280,val
IRCLT-0013,val
IRCLT-0036,val
IRCLT-0029,val
IRCLT-0291,val
IRCLT-0263,val
IRCLT-0357,val
IRCLT-0589,val
IRCLT-0622,val
IRCLT-0342,val
IRCLT-0669,val
IRCLT-0096,val
IRCLT-0052,val
IRCLT-0361,val
IRCLT-0633,val
IRCLT-0472,val
IRCLT-0645,val
IRCLT-0299,val
IRCLT-0581,val
IRCLT-0651,val
IRCLT-0042,val
IRCLT-0679,val
IRCLT-0647,val
IRCLT-0327,val
IRCLT-0513,val
IRCLT-0403,val
IRCLT-0479,val
IRCLT-0518,val
IRCLT-0375,val
IRCLT-0338,val
IRCLT-0005,val
IRCLT-0377,val
IRCLT-0688,val
IRCLT-0658,val
IRCLT-0551,val
IRCLT-0221,val
IRCLT-0347,val
IRCLT-0569,val
IRCLT-0672,val
IRCLT-0697,val
IRCLT-0334,val
IRCLT-0480,val
IRCLT-0292,val
IRCLT-0099,val
IRCLT-0413,val
IRCLT-0336,val
IRCLT-0062,val
IRCLT-0527,val
IRCLT-0048,val
IRCLT-0033,val
IRCLT-0538,val
IRCLT-0388,val
IRCLT-0448,val
IRCLT-0321,val
IRCLT-0255,val
IRCLT-0028,val
IRCLT-0649,val
IRCLT-0626,val
IRCLT-0351,val
IRCLT-0610,test
IRCLT-0499,test
IRCLT-0409,test
IRCLT-0539,test
IRCLT-0512,test
IRCLT-0619,test
IRCLT-0259,test
IRCLT-0063,test
IRCLT-0592,test
IRCLT-0249,test
IRCLT-0709,test
IRCLT-0641,test
IRCLT-0065,test
IRCLT-0015,test
IRCLT-0277,test
IRCLT-0041,test
IRCLT-0613,test
IRCLT-0500,test
IRCLT-0308,test
IRCLT-0337,test
IRCLT-0053,test
IRCLT-0458,test
IRCLT-0416,test
IRCLT-0372,test
IRCLT-0582,test
IRCLT-0576,test
IRVIS-0004,test
IRCLT-0390,test
IRCLT-0322,test
IRCLT-0282,test
IRCLT-0522,test
IRCLT-0597,test
IRCLT-0226,test
IRCLT-0510,test
IRCLT-0002,test
IRCLT-0692,test
IRCLT-0081,test
IRCLT-0326,test
IRCLT-0035,test
IRCLT-0629,test
IRCLT-0548,test
IRCLT-0575,test
IRCLT-0487,test
IRCLT-0092,test
IRCLT-0460,test
IRCLT-0466,test
IRCLT-0362,test
IRCLT-0014,test
IRCLT-0436,test
IRCLT-0508,test
IRCLT-0394,test
IRCLT-0287,test
IRCLT-0720,test
IRCLT-0605,test
IRCLT-0711,test
IRCLT-0625,test
IRCLT-0364,test
IRCLT-0687,test
IRCLT-0683,test
IRCLT-0310,test
IRCLT-0596,test
IRCLT-0631,test
IRCLT-0059,test
IRCLT-0595,test
IRCLT-0681,test
IRCLT-0373,test
IRCLT-0022,test
IRCLT-0434,test
IRCLT-0580,test
IRCLT-0281,test
IRCLT-0397,test
IRCLT-0312,test
IRCLT-0506,test
IRCLT-0534,test
IRCLT-0612,test
IRCLT-0464,test
IRCLT-0429,test
IRCLT-0251,test
IRCLT-0100,test
IRCLT-0493,test
IRCLT-0088,test
IRCLT-0579,test
IRCLT-0451,test
IRCLT-0335,test
IRCLT-0587,test
IRCLT-0242,test
IRCLT-0021,test
IRCLT-0072,test
IRCLT-0227,test
IRCLT-0391,test
IRCLT-0556,test
IRCLT-0223,test
